country,year,month,date,shipments,container_total,shipments_vrac,weight_total
BELGIUM,2023,Jan,1/1/2023,9,39,0,774549.7
BRAZIL,2023,Jan,1/1/2023,63,81,0,2084899.29
CANADA,2023,Jan,1/1/2023,56,57,1,30744696
CHILE,2023,Jan,1/1/2023,8,9,0,152651.05
CHINA,2023,Jan,1/1/2023,338,567,2,10715812.22
COLOMBIA,2023,Jan,1/1/2023,69,482,3,13367603.57
COSTA RICA,2023,Jan,1/1/2023,9,48,0,764896.22
DOMINICAN REPUBLIC,2023,Jan,1/1/2023,40,42,9,41588904.95
ECUADOR,2023,Jan,1/1/2023,3,5,0,71768
EL SALVADOR,2023,Jan,1/1/2023,2,4,0,19181.11
FRANCE,2023,Jan,1/1/2023,52,61,0,1236089.2
GERMANY,2023,Jan,1/1/2023,7,12,0,275658
GUATEMALA,2023,Jan,1/1/2023,19,55,11,15841231.21
GUYANA,2023,Jan,1/1/2023,1,1,0,21150
HONDURAS,2023,Jan,1/1/2023,19,64,0,1457171.25
INDIA,2023,Jan,1/1/2023,37,102,1,2242145.33
INDONESIA,2023,Jan,1/1/2023,17,97,0,2425984.77
IRELAND,2023,Jan,1/1/2023,1,1,0,22536
ITALY,2023,Jan,1/1/2023,3,3,1,7168
IVORY COAST,2023,Jan,1/1/2023,1,1,0,16700
JAMAICA,2023,Jan,1/1/2023,58,2,56,316326
JAPAN,2023,Jan,1/1/2023,9,0,9,136570
MEXICO,2023,Jan,1/1/2023,15,44,0,725793.45
NETHERLANDS,2023,Jan,1/1/2023,33,51,0,1155032.91
NICARAGUA,2023,Jan,1/1/2023,12,10,11,7486084.78
PAKISTAN,2023,Jan,1/1/2023,13,0,13,27792910
PANAMA,2023,Jan,1/1/2023,28,26,2,574853.68
PERU,2023,Jan,1/1/2023,28,158,0,3379449.86
POLAND,2023,Jan,1/1/2023,6,6,0,169620
PUERTO RICO,2023,Jan,1/1/2023,2,2,0,9438.35
SENEGAL,2023,Jan,1/1/2023,2,4,0,111252
SINGAPORE,2023,Jan,1/1/2023,1,1,0,12110
SOUTH AFRICA,2023,Jan,1/1/2023,4,4,0,98672
SOUTH KOREA,2023,Jan,1/1/2023,19,15,7,376118.19
SPAIN,2023,Jan,1/1/2023,13,16,0,299869.95
TAIWAN,2023,Jan,1/1/2023,5,87,0,1717828.8
THAILAND,2023,Jan,1/1/2023,5,0,5,60621.16
TRINIDAD AND TOBAGO,2023,Jan,1/1/2023,3,4,0,76308
TURKEY,2023,Jan,1/1/2023,11,13,4,34964821.31
UNITED ARAB EMIRATES,2023,Jan,1/1/2023,1,1,0,5000
UNITED KINGDOM,2023,Jan,1/1/2023,1,1,0,22876.4
URUGUAY,2023,Jan,1/1/2023,1,1,0,9079.8
US VIRGIN ISLANDS,2023,Jan,1/1/2023,26,0,26,69962899
USA,2023,Jan,1/1/2023,1538,1295,538,83726316.94
VIETNAM,2023,Jan,1/1/2023,17,59,0,1420053.44
ARGENTINA,2023,Feb,2/1/2023,4,8,0,193560
BARBADOS,2023,Feb,2/1/2023,1,1,0,4372.27
BELGIUM,2023,Feb,2/1/2023,29,72,1,6508599.95
BRAZIL,2023,Feb,2/1/2023,93,160,0,4077262.75
BULGARIA,2023,Feb,2/1/2023,1,1,0,1405.7
CANADA,2023,Feb,2/1/2023,46,48,0,814915.61
CHILE,2023,Feb,2/1/2023,13,14,0,184350.8
CHINA,2023,Feb,2/1/2023,330,533,7,16010732.47
COLOMBIA,2023,Feb,2/1/2023,50,237,0,5817300.28
COSTA RICA,2023,Feb,2/1/2023,6,21,0,333963.14
DENMARK,2023,Feb,2/1/2023,3,3,0,77002.72
DOMINICAN REPUBLIC,2023,Feb,2/1/2023,66,112,7,18103113.32
ECUADOR,2023,Feb,2/1/2023,4,6,0,87443.74
EGYPT,2023,Feb,2/1/2023,2,2,0,44531.8
EL SALVADOR,2023,Feb,2/1/2023,2,3,0,21977.6
FRANCE,2023,Feb,2/1/2023,45,76,0,1563327.14
GERMANY,2023,Feb,2/1/2023,6,6,0,113179.23
GUATEMALA,2023,Feb,2/1/2023,27,36,10,13323124.48
GUYANA,2023,Feb,2/1/2023,2,0,2,4014992
HONDURAS,2023,Feb,2/1/2023,15,140,0,3444039.2
INDIA,2023,Feb,2/1/2023,17,51,0,996230.45
INDONESIA,2023,Feb,2/1/2023,34,154,11,13058376.28
IRELAND,2023,Feb,2/1/2023,2,2,0,53121.6
ITALY,2023,Feb,2/1/2023,4,5,0,82147
JAMAICA,2023,Feb,2/1/2023,5,0,5,60472
JAPAN,2023,Feb,2/1/2023,15,2,13,121466
JORDAN,2023,Feb,2/1/2023,1,1,0,4363.23
LEBANON,2023,Feb,2/1/2023,1,1,0,11133
LITHUANIA,2023,Feb,2/1/2023,5,24,0,693762.98
MALAYSIA,2023,Feb,2/1/2023,4,14,0,298535.15
MEXICO,2023,Feb,2/1/2023,17,76,0,1509715.2
NETHERLANDS,2023,Feb,2/1/2023,44,136,0,2686962.95
NETHERLANDS ANTILLES,2023,Feb,2/1/2023,4,4,0,61410
NICARAGUA,2023,Feb,2/1/2023,4,40,0,1003800
NORWAY,2023,Feb,2/1/2023,5,5,0,136868.4
PANAMA,2023,Feb,2/1/2023,21,45,0,964872.27
PARAGUAY,2023,Feb,2/1/2023,1,1,0,29220
PERU,2023,Feb,2/1/2023,32,174,0,3635085.36
POLAND,2023,Feb,2/1/2023,18,22,0,605315
PORTUGAL,2023,Feb,2/1/2023,1,1,0,17670
SAUDI ARABIA,2023,Feb,2/1/2023,1,1,0,27800
SENEGAL,2023,Feb,2/1/2023,2,2,0,55517
SOUTH KOREA,2023,Feb,2/1/2023,21,24,0,308264.55
SPAIN,2023,Feb,2/1/2023,30,34,0,660484.04
TAIWAN,2023,Feb,2/1/2023,7,85,0,1662702.5
THAILAND,2023,Feb,2/1/2023,13,1,12,102405.75
TRINIDAD AND TOBAGO,2023,Feb,2/1/2023,7,2,5,1520979
TUNISIA,2023,Feb,2/1/2023,5,5,0,141061
TURKEY,2023,Feb,2/1/2023,19,22,0,417602.28
UNITED ARAB EMIRATES,2023,Feb,2/1/2023,1,3,0,82043.01
UNITED KINGDOM,2023,Feb,2/1/2023,1,4,0,28266
US VIRGIN ISLANDS,2023,Feb,2/1/2023,12,0,12,34360873
USA,2023,Feb,2/1/2023,1129,1317,172,50645008.12
VIETNAM,2023,Feb,2/1/2023,19,27,0,510955.16
ALGERIA,2023,Mar,3/1/2023,1,0,1,27500000
ARGENTINA,2023,Mar,3/1/2023,3,25,0,233830.11
BELGIUM,2023,Mar,3/1/2023,40,138,0,3516050.24
BRAZIL,2023,Mar,3/1/2023,197,239,0,6357902.08
CANADA,2023,Mar,3/1/2023,55,76,1,28483828.71
CHILE,2023,Mar,3/1/2023,18,22,0,459503.81
CHINA,2023,Mar,3/1/2023,358,676,11,27227923.86
COLOMBIA,2023,Mar,3/1/2023,73,333,5,9956575.16
CONGO,2023,Mar,3/1/2023,1,1,0,1260
COSTA RICA,2023,Mar,3/1/2023,10,18,0,266037.87
DOMINICAN REPUBLIC,2023,Mar,3/1/2023,74,139,8,3989475.96
ECUADOR,2023,Mar,3/1/2023,3,4,0,42345.24
EGYPT,2023,Mar,3/1/2023,3,7,0,144015.6
EL SALVADOR,2023,Mar,3/1/2023,3,3,0,18033.8
FINLAND,2023,Mar,3/1/2023,2,2,0,23138
FRANCE,2023,Mar,3/1/2023,90,133,0,2442285.16
GERMANY,2023,Mar,3/1/2023,25,35,0,747884.56
GREECE,2023,Mar,3/1/2023,1,1,0,5245
GUADELOUPE,2023,Mar,3/1/2023,1,1,0,17270
GUATEMALA,2023,Mar,3/1/2023,14,43,0,908479.64
HONDURAS,2023,Mar,3/1/2023,26,245,0,5988893.01
INDIA,2023,Mar,3/1/2023,49,111,0,2376394.9
INDONESIA,2023,Mar,3/1/2023,47,289,1,7179940.39
ISRAEL,2023,Mar,3/1/2023,1,2,0,13300
ITALY,2023,Mar,3/1/2023,11,17,0,111885.97
IVORY COAST,2023,Mar,3/1/2023,1,1,0,14386
JAMAICA,2023,Mar,3/1/2023,128,12,120,6826119.39
JAPAN,2023,Mar,3/1/2023,10,5,5,93332
LITHUANIA,2023,Mar,3/1/2023,3,10,1,12390040
MALAYSIA,2023,Mar,3/1/2023,8,37,0,897950.36
MEXICO,2023,Mar,3/1/2023,42,159,0,3210452.64
MOROCCO,2023,Mar,3/1/2023,2,2,0,46486.96
NETHERLANDS,2023,Mar,3/1/2023,47,164,0,3467636.78
NETHERLANDS ANTILLES,2023,Mar,3/1/2023,3,3,0,53778
NICARAGUA,2023,Mar,3/1/2023,10,6,9,7383659.8
NORWAY,2023,Mar,3/1/2023,3,3,0,81116.64
OMAN,2023,Mar,3/1/2023,5,19,0,549180
PAKISTAN,2023,Mar,3/1/2023,1,4,0,26219.04
PANAMA,2023,Mar,3/1/2023,29,34,0,638137.46
PARAGUAY,2023,Mar,3/1/2023,4,4,0,94503.64
PERU,2023,Mar,3/1/2023,45,250,0,5315044.47
POLAND,2023,Mar,3/1/2023,18,26,0,686132
PORTUGAL,2023,Mar,3/1/2023,4,4,0,68980.58
PUERTO RICO,2023,Mar,3/1/2023,1,1,0,6500.04
SAUDI ARABIA,2023,Mar,3/1/2023,1,1,0,27800
SENEGAL,2023,Mar,3/1/2023,1,2,0,55039
SOMALIA,2023,Mar,3/1/2023,1,1,0,19710
SOUTH KOREA,2023,Mar,3/1/2023,58,65,0,1055178.49
SPAIN,2023,Mar,3/1/2023,37,42,0,983646.34
TAIWAN,2023,Mar,3/1/2023,10,13,0,137890.8
THAILAND,2023,Mar,3/1/2023,1,0,1,10265.85
TRINIDAD AND TOBAGO,2023,Mar,3/1/2023,6,4,2,93018.12
TUNISIA,2023,Mar,3/1/2023,1,1,0,28749
TURKEY,2023,Mar,3/1/2023,38,60,8,62520530.04
UNITED ARAB EMIRATES,2023,Mar,3/1/2023,4,8,0,126629.97
UNITED KINGDOM,2023,Mar,3/1/2023,5,5,0,83668
URUGUAY,2023,Mar,3/1/2023,2,2,0,29593.6
US VIRGIN ISLANDS,2023,Mar,3/1/2023,1,1,0,21560
USA,2023,Mar,3/1/2023,1917,1488,701,106015662.2
VENEZUELA,2023,Mar,3/1/2023,1,5,0,74410
VIETNAM,2023,Mar,3/1/2023,26,89,0,2149310.32
ARGENTINA,2023,Apr,4/1/2023,3,5,0,109988.74
AUSTRALIA,2023,Apr,4/1/2023,2,2,0,8531
BELGIUM,2023,Apr,4/1/2023,41,80,2,3763950.89
BRAZIL,2023,Apr,4/1/2023,167,261,0,6979240.17
BULGARIA,2023,Apr,4/1/2023,1,1,0,12620
CANADA,2023,Apr,4/1/2023,44,47,0,872333.95
CHILE,2023,Apr,4/1/2023,17,26,0,614996.68
CHINA,2023,Apr,4/1/2023,342,602,0,12493639.37
COLOMBIA,2023,Apr,4/1/2023,86,448,0,10643809.54
COSTA RICA,2023,Apr,4/1/2023,11,40,0,643793.44
CYPRUS,2023,Apr,4/1/2023,1,1,0,22245
DENMARK,2023,Apr,4/1/2023,2,2,0,6378.6
DOMINICAN REPUBLIC,2023,Apr,4/1/2023,99,100,12,6426687.82
ECUADOR,2023,Apr,4/1/2023,2,3,0,48800
EGYPT,2023,Apr,4/1/2023,1,1,0,20827.8
EL SALVADOR,2023,Apr,4/1/2023,4,11,2,7474732.6
FRANCE,2023,Apr,4/1/2023,47,70,0,1600019.94
GERMANY,2023,Apr,4/1/2023,22,27,0,660542.96
GUATEMALA,2023,Apr,4/1/2023,11,49,0,1250674.2
HONDURAS,2023,Apr,4/1/2023,21,93,0,2144389.09
INDIA,2023,Apr,4/1/2023,56,134,0,3016920.94
INDONESIA,2023,Apr,4/1/2023,63,228,25,23592038.52
IRELAND,2023,Apr,4/1/2023,2,2,0,53650
ITALY,2023,Apr,4/1/2023,9,9,0,98856.21
IVORY COAST,2023,Apr,4/1/2023,1,11,0,161409.05
JAMAICA,2023,Apr,4/1/2023,5,6,0,56900.33
MALAYSIA,2023,Apr,4/1/2023,8,23,0,537582.43
MEXICO,2023,Apr,4/1/2023,33,90,0,1606906.83
NETHERLANDS,2023,Apr,4/1/2023,39,108,0,1895776.04
NORWAY,2023,Apr,4/1/2023,4,4,0,108464
PAKISTAN,2023,Apr,4/1/2023,5,66,0,1751524
PANAMA,2023,Apr,4/1/2023,16,16,0,293659.4
PARAGUAY,2023,Apr,4/1/2023,3,3,0,86997
PERU,2023,Apr,4/1/2023,35,174,0,3730690
POLAND,2023,Apr,4/1/2023,30,33,0,910743
PORTUGAL,2023,Apr,4/1/2023,1,1,0,4568
PUERTO RICO,2023,Apr,4/1/2023,1,1,0,5598.33
ROMANIA,2023,Apr,4/1/2023,1,3,0,68760
RUSSIA,2023,Apr,4/1/2023,1,1,0,28024.46
SAUDI ARABIA,2023,Apr,4/1/2023,1,2,0,37128
SENEGAL,2023,Apr,4/1/2023,2,4,0,110743
SINGAPORE,2023,Apr,4/1/2023,1,1,0,17280
SOUTH AFRICA,2023,Apr,4/1/2023,4,6,0,148760
SOUTH KOREA,2023,Apr,4/1/2023,35,52,0,704771.16
SPAIN,2023,Apr,4/1/2023,15,25,0,507016.34
SRI LANKA,2023,Apr,4/1/2023,2,2,0,18492
SWEDEN,2023,Apr,4/1/2023,1,1,0,19740.95
TAIWAN,2023,Apr,4/1/2023,1,1,0,25215
TRINIDAD AND TOBAGO,2023,Apr,4/1/2023,3,3,0,45500
TUNISIA,2023,Apr,4/1/2023,2,2,0,56727
TURKEY,2023,Apr,4/1/2023,27,54,4,39445714.2
UNITED ARAB EMIRATES,2023,Apr,4/1/2023,6,12,0,199381.18
UNITED KINGDOM,2023,Apr,4/1/2023,3,4,0,57396
US VIRGIN ISLANDS,2023,Apr,4/1/2023,13,0,13,38728540
USA,2023,Apr,4/1/2023,1193,1198,273,58742829.31
VENEZUELA,2023,Apr,4/1/2023,1,1,0,3060
VIETNAM,2023,Apr,4/1/2023,14,26,0,393238.88
BELGIUM,2023,May,5/1/2023,21,52,0,1184210.67
BRAZIL,2023,May,5/1/2023,143,248,0,6579906.13
CANADA,2023,May,5/1/2023,48,48,1,27710985.07
CHILE,2023,May,5/1/2023,17,22,0,453012.55
CHINA,2023,May,5/1/2023,509,893,0,17319599.99
COLOMBIA,2023,May,5/1/2023,49,225,0,5238101.73
COSTA RICA,2023,May,5/1/2023,18,23,0,283954.06
DOMINICAN REPUBLIC,2023,May,5/1/2023,97,153,14,12687131.06
ECUADOR,2023,May,5/1/2023,2,3,0,52700
EGYPT,2023,May,5/1/2023,4,7,0,172674.4
EL SALVADOR,2023,May,5/1/2023,5,38,0,940854.54
FRANCE,2023,May,5/1/2023,63,65,0,1382178.21
GERMANY,2023,May,5/1/2023,4,5,0,85008.38
GUATEMALA,2023,May,5/1/2023,27,125,8,15006393.13
HONDURAS,2023,May,5/1/2023,16,148,0,3635561.55
INDIA,2023,May,5/1/2023,89,328,3,8144756.98
INDONESIA,2023,May,5/1/2023,63,205,25,25056021.41
ITALY,2023,May,5/1/2023,5,12,0,106386.5
JAMAICA,2023,May,5/1/2023,8,8,6,9118647
JAPAN,2023,May,5/1/2023,11,1,10,94860
MALAYSIA,2023,May,5/1/2023,9,13,0,273998.02
MEXICO,2023,May,5/1/2023,18,27,0,550526.67
MOROCCO,2023,May,5/1/2023,1,1,0,23492.32
NETHERLANDS,2023,May,5/1/2023,24,129,0,2586933.48
NICARAGUA,2023,May,5/1/2023,1,10,0,250950
NORWAY,2023,May,5/1/2023,1,1,0,26988
PAKISTAN,2023,May,5/1/2023,24,170,17,37789566
PANAMA,2023,May,5/1/2023,26,25,1,488184.84
PARAGUAY,2023,May,5/1/2023,1,1,0,28985
PERU,2023,May,5/1/2023,36,241,0,5161992
POLAND,2023,May,5/1/2023,8,8,1,12323690
PUERTO RICO,2023,May,5/1/2023,2,3,0,59586
SOMALIA,2023,May,5/1/2023,1,1,0,21250
SOUTH AFRICA,2023,May,5/1/2023,1,5,0,73840
SOUTH KOREA,2023,May,5/1/2023,24,32,1,530655.23
SPAIN,2023,May,5/1/2023,13,17,0,262522.87
TAIWAN,2023,May,5/1/2023,7,62,0,1221009.15
THAILAND,2023,May,5/1/2023,5,2,4,94246.96
TRINIDAD AND TOBAGO,2023,May,5/1/2023,1,1,0,3330
TURKEY,2023,May,5/1/2023,30,26,17,135600178.6
UNITED ARAB EMIRATES,2023,May,5/1/2023,6,11,0,188757.98
UNITED KINGDOM,2023,May,5/1/2023,8,8,0,161975.57
URUGUAY,2023,May,5/1/2023,1,1,0,1169.37
US VIRGIN ISLANDS,2023,May,5/1/2023,18,0,18,66317318
USA,2023,May,5/1/2023,1717,1222,730,110422834.3
VENEZUELA,2023,May,5/1/2023,1,5,0,77570
VIETNAM,2023,May,5/1/2023,11,18,0,352128.8
ARGENTINA,2023,Jun,6/1/2023,4,14,0,283485.71
BARBADOS,2023,Jun,6/1/2023,1,1,0,6484.54
BELGIUM,2023,Jun,6/1/2023,24,51,0,1216495.42
BRAZIL,2023,Jun,6/1/2023,118,260,0,6961771.23
BULGARIA,2023,Jun,6/1/2023,1,1,0,1827
CANADA,2023,Jun,6/1/2023,44,44,0,547090.93
CHILE,2023,Jun,6/1/2023,22,28,0,621816.75
CHINA,2023,Jun,6/1/2023,602,998,1,20262100.46
COLOMBIA,2023,Jun,6/1/2023,63,159,0,3274567.68
COSTA RICA,2023,Jun,6/1/2023,4,5,0,64779.04
DENMARK,2023,Jun,6/1/2023,2,2,0,19976.3
DOMINICAN REPUBLIC,2023,Jun,6/1/2023,71,101,6,4279780.98
EGYPT,2023,Jun,6/1/2023,3,28,0,578163.6
EL SALVADOR,2023,Jun,6/1/2023,2,14,0,357637.7
FRANCE,2023,Jun,6/1/2023,59,81,0,1503977.4
GERMANY,2023,Jun,6/1/2023,7,7,0,102748.33
GUADELOUPE,2023,Jun,6/1/2023,1,1,0,15000
GUATEMALA,2023,Jun,6/1/2023,16,107,0,2701814.82
HONDURAS,2023,Jun,6/1/2023,14,146,0,3623390.33
INDIA,2023,Jun,6/1/2023,127,419,0,10357299.05
INDONESIA,2023,Jun,6/1/2023,23,136,0,3330803.3
ITALY,2023,Jun,6/1/2023,8,9,0,140351
JAMAICA,2023,Jun,6/1/2023,6,1,5,16544621.46
JAPAN,2023,Jun,6/1/2023,8,4,4,63518
MALAYSIA,2023,Jun,6/1/2023,6,18,0,400834
MEXICO,2023,Jun,6/1/2023,21,37,0,692042.02
MOROCCO,2023,Jun,6/1/2023,1,1,0,23354.78
NETHERLANDS,2023,Jun,6/1/2023,32,76,0,1354743.35
NICARAGUA,2023,Jun,6/1/2023,1,10,0,250950
NORWAY,2023,Jun,6/1/2023,3,3,0,80964.5
PAKISTAN,2023,Jun,6/1/2023,7,95,0,2478986.05
PANAMA,2023,Jun,6/1/2023,26,35,0,657029.24
PERU,2023,Jun,6/1/2023,41,213,0,4478237.65
POLAND,2023,Jun,6/1/2023,8,15,0,399015
PUERTO RICO,2023,Jun,6/1/2023,2,2,0,13442.89
SINGAPORE,2023,Jun,6/1/2023,1,1,0,17280
SOMALIA,2023,Jun,6/1/2023,2,2,0,28030
SOUTH AFRICA,2023,Jun,6/1/2023,1,1,0,880
SOUTH KOREA,2023,Jun,6/1/2023,17,25,0,393704.15
SPAIN,2023,Jun,6/1/2023,12,25,0,427617.27
SWEDEN,2023,Jun,6/1/2023,2,14,0,295898.99
TAIWAN,2023,Jun,6/1/2023,8,55,0,1076654.74
THAILAND,2023,Jun,6/1/2023,3,3,1,30660.16
TUNISIA,2023,Jun,6/1/2023,1,1,0,27978
TURKEY,2023,Jun,6/1/2023,21,46,2,33008489.01
UNITED ARAB EMIRATES,2023,Jun,6/1/2023,2,2,0,26514
UNITED KINGDOM,2023,Jun,6/1/2023,1,1,0,15230.52
US VIRGIN ISLANDS,2023,Jun,6/1/2023,14,1,13,41442705
USA,2023,Jun,6/1/2023,1869,1237,940,93013876.32
VIETNAM,2023,Jun,6/1/2023,16,22,0,454401.92
ARGENTINA,2023,Jul,7/1/2023,1,1,0,25080
BANGLADESH,2023,Jul,7/1/2023,1,3,0,63855
BARBADOS,2023,Jul,7/1/2023,1,1,0,3155.91
BELGIUM,2023,Jul,7/1/2023,11,24,0,596671.77
BRAZIL,2023,Jul,7/1/2023,96,163,0,4356170.41
CANADA,2023,Jul,7/1/2023,63,64,0,723032
CHILE,2023,Jul,7/1/2023,3,3,0,53630.11
CHINA,2023,Jul,7/1/2023,447,895,1,18170086.17
COLOMBIA,2023,Jul,7/1/2023,27,151,0,3517278.93
COSTA RICA,2023,Jul,7/1/2023,7,22,0,359894.04
DENMARK,2023,Jul,7/1/2023,1,1,0,18727
DOMINICAN REPUBLIC,2023,Jul,7/1/2023,90,145,6,5349539.93
ECUADOR,2023,Jul,7/1/2023,3,3,0,25926.5
EGYPT,2023,Jul,7/1/2023,1,2,0,43014.4
EL SALVADOR,2023,Jul,7/1/2023,3,27,0,706163.92
FRANCE,2023,Jul,7/1/2023,55,67,0,1093027.35
GERMANY,2023,Jul,7/1/2023,0,0,0,0
GUATEMALA,2023,Jul,7/1/2023,18,161,0,4009784.58
HONDURAS,2023,Jul,7/1/2023,13,167,0,4138867.41
INDIA,2023,Jul,7/1/2023,96,272,0,6629729.14
INDONESIA,2023,Jul,7/1/2023,45,159,12,12978366.09
ITALY,2023,Jul,7/1/2023,7,9,0,93159.44
IVORY COAST,2023,Jul,7/1/2023,1,1,0,13596
JAMAICA,2023,Jul,7/1/2023,19,3,17,98788.23
JAPAN,2023,Jul,7/1/2023,4,9,3,34267
MALAYSIA,2023,Jul,7/1/2023,6,20,0,446302.6
MEXICO,2023,Jul,7/1/2023,13,21,3,489569.74
MOROCCO,2023,Jul,7/1/2023,1,1,0,23161.2
NETHERLANDS,2023,Jul,7/1/2023,9,57,0,1230434.88
NETHERLANDS ANTILLES,2023,Jul,7/1/2023,2,2,0,31310
NORWAY,2023,Jul,7/1/2023,3,3,0,73020
OMAN,2023,Jul,7/1/2023,1,2,0,56700
PAKISTAN,2023,Jul,7/1/2023,2,13,0,316187.99
PANAMA,2023,Jul,7/1/2023,31,28,3,470596.01
PERU,2023,Jul,7/1/2023,28,179,0,3997410.68
PORTUGAL,2023,Jul,7/1/2023,1,1,0,2034
SAUDI ARABIA,2023,Jul,7/1/2023,1,1,0,28400
SENEGAL,2023,Jul,7/1/2023,2,4,0,112134
SOUTH AFRICA,2023,Jul,7/1/2023,3,3,0,76530
SOUTH KOREA,2023,Jul,7/1/2023,30,50,0,862081.41
SPAIN,2023,Jul,7/1/2023,22,42,6,5252625.16
TAIWAN,2023,Jul,7/1/2023,7,47,0,899846.06
THAILAND,2023,Jul,7/1/2023,8,5,4,103196.3
TRINIDAD AND TOBAGO,2023,Jul,7/1/2023,2,3,0,33193.56
TUNISIA,2023,Jul,7/1/2023,0,0,0,0
TURKEY,2023,Jul,7/1/2023,20,32,3,63969147.28
UNITED ARAB EMIRATES,2023,Jul,7/1/2023,2,4,0,81004.01
UNITED KINGDOM,2023,Jul,7/1/2023,1,1,0,900
URUGUAY,2023,Jul,7/1/2023,4,4,0,70467.6
US VIRGIN ISLANDS,2023,Jul,7/1/2023,12,0,12,31059092
USA,2023,Jul,7/1/2023,989,922,255,66624993.75
VIETNAM,2023,Jul,7/1/2023,22,77,0,1829859.65
ARGENTINA,2023,Aug,8/1/2023,3,4,0,100200
AUSTRALIA,2023,Aug,8/1/2023,1,1,0,7892
BANGLADESH,2023,Aug,8/1/2023,1,2,0,42570
BELGIUM,2023,Aug,8/1/2023,11,17,0,377047.72
BRAZIL,2023,Aug,8/1/2023,114,184,0,4857194.48
CANADA,2023,Aug,8/1/2023,62,69,1,27959731.5
CHILE,2023,Aug,8/1/2023,11,11,0,147710
CHINA,2023,Aug,8/1/2023,533,888,7,16470751.14
COLOMBIA,2023,Aug,8/1/2023,48,307,1,11005979.11
COSTA RICA,2023,Aug,8/1/2023,4,7,0,104567.68
DENMARK,2023,Aug,8/1/2023,1,1,0,20128.78
DOMINICAN REPUBLIC,2023,Aug,8/1/2023,102,160,10,7572355.51
ECUADOR,2023,Aug,8/1/2023,2,4,0,54282
EGYPT,2023,Aug,8/1/2023,17,41,7,34838951.6
EL SALVADOR,2023,Aug,8/1/2023,3,49,0,1305377.83
FRANCE,2023,Aug,8/1/2023,74,85,0,1782209.36
FRENCH GUIANA,2023,Aug,8/1/2023,1,1,0,6025
GERMANY,2023,Aug,8/1/2023,8,8,0,122368.85
GUADELOUPE,2023,Aug,8/1/2023,2,2,0,8020
GUATEMALA,2023,Aug,8/1/2023,17,77,0,1871172.85
HAITI,2023,Aug,8/1/2023,2,8,0,220965
HONDURAS,2023,Aug,8/1/2023,14,204,0,5062864.13
INDIA,2023,Aug,8/1/2023,98,279,0,6821051.09
INDONESIA,2023,Aug,8/1/2023,47,116,11,11863989.82
IRELAND,2023,Aug,8/1/2023,1,1,0,12614
ITALY,2023,Aug,8/1/2023,8,11,0,173675.65
IVORY COAST,2023,Aug,8/1/2023,3,3,0,54000
JAMAICA,2023,Aug,8/1/2023,7,3,4,5979154
JAPAN,2023,Aug,8/1/2023,14,2,12,108622.26
MALAYSIA,2023,Aug,8/1/2023,6,20,0,423253.97
MEXICO,2023,Aug,8/1/2023,34,90,0,1483712.3
MOROCCO,2023,Aug,8/1/2023,2,2,0,52991.16
NETHERLANDS,2023,Aug,8/1/2023,27,102,0,2097509.62
NETHERLANDS ANTILLES,2023,Aug,8/1/2023,2,2,0,33970
NICARAGUA,2023,Aug,8/1/2023,11,40,8,8230680
NORWAY,2023,Aug,8/1/2023,2,2,0,55340
PAKISTAN,2023,Aug,8/1/2023,4,140,0,3654664
PANAMA,2023,Aug,8/1/2023,48,72,0,1288758.26
PERU,2023,Aug,8/1/2023,36,231,0,5012405.21
POLAND,2023,Aug,8/1/2023,2,3,0,82636.2
PORTUGAL,2023,Aug,8/1/2023,1,1,0,7316
PUERTO RICO,2023,Aug,8/1/2023,1,1,0,9797.76
SAUDI ARABIA,2023,Aug,8/1/2023,2,17,0,366397
SENEGAL,2023,Aug,8/1/2023,1,3,0,84236.01
SINGAPORE,2023,Aug,8/1/2023,1,2,0,8085
SOUTH AFRICA,2023,Aug,8/1/2023,2,2,0,50460
SOUTH KOREA,2023,Aug,8/1/2023,29,54,0,826572.27
SPAIN,2023,Aug,8/1/2023,20,34,0,708306.28
TAIWAN,2023,Aug,8/1/2023,7,99,0,1956095.25
THAILAND,2023,Aug,8/1/2023,1,1,0,3851.34
TRINIDAD AND TOBAGO,2023,Aug,8/1/2023,3,3,0,56390
TUNISIA,2023,Aug,8/1/2023,2,2,0,57065
TURKEY,2023,Aug,8/1/2023,18,32,8,57388382.21
UNITED ARAB EMIRATES,2023,Aug,8/1/2023,10,27,0,440214.48
UNITED KINGDOM,2023,Aug,8/1/2023,1,1,0,11602.6
US VIRGIN ISLANDS,2023,Aug,8/1/2023,6,1,5,17502194
USA,2023,Aug,8/1/2023,1518,1592,333,87487551.97
VIETNAM,2023,Aug,8/1/2023,13,25,0,546298.29
ARGENTINA,2023,Sep,9/1/2023,1,2,0,43922
BANGLADESH,2023,Sep,9/1/2023,1,3,0,63855
BARBADOS,2023,Sep,9/1/2023,1,0,1,3002450
BELGIUM,2023,Sep,9/1/2023,15,33,0,806530.34
BRAZIL,2023,Sep,9/1/2023,183,337,0,8924824.67
CANADA,2023,Sep,9/1/2023,67,69,0,994185.02
CHILE,2023,Sep,9/1/2023,9,36,0,760351.1
CHINA,2023,Sep,9/1/2023,544,938,6,27593781.48
COLOMBIA,2023,Sep,9/1/2023,50,327,1,11212705.33
COSTA RICA,2023,Sep,9/1/2023,9,41,0,680082.68
DENMARK,2023,Sep,9/1/2023,5,6,0,72971.99
DOMINICAN REPUBLIC,2023,Sep,9/1/2023,144,224,9,14870605.2
ECUADOR,2023,Sep,9/1/2023,1,1,0,17510
EGYPT,2023,Sep,9/1/2023,7,11,0,284241
EL SALVADOR,2023,Sep,9/1/2023,1,24,0,650566.08
FRANCE,2023,Sep,9/1/2023,38,41,0,708437.72
GERMANY,2023,Sep,9/1/2023,8,9,0,150550.98
GUADELOUPE,2023,Sep,9/1/2023,1,1,0,26800
GUATEMALA,2023,Sep,9/1/2023,18,78,0,1642200.66
HONDURAS,2023,Sep,9/1/2023,19,203,0,5012930.98
INDIA,2023,Sep,9/1/2023,104,176,0,4200008.92
INDONESIA,2023,Sep,9/1/2023,23,32,10,8728951.51
ITALY,2023,Sep,9/1/2023,6,9,0,84726.05
IVORY COAST,2023,Sep,9/1/2023,2,6,0,169491
JAMAICA,2023,Sep,9/1/2023,6,1,5,17571270
JAPAN,2023,Sep,9/1/2023,15,6,9,74295.6
KENYA,2023,Sep,9/1/2023,1,1,0,6502
LEBANON,2023,Sep,9/1/2023,1,1,0,11900
MALAYSIA,2023,Sep,9/1/2023,2,7,0,181091.32
MALTA,2023,Sep,9/1/2023,1,1,0,13780
MEXICO,2023,Sep,9/1/2023,16,22,0,316463.1
MOROCCO,2023,Sep,9/1/2023,2,4,0,109602.6
NETHERLANDS,2023,Sep,9/1/2023,41,131,0,2965077.49
NETHERLANDS ANTILLES,2023,Sep,9/1/2023,1,1,0,23700
NICARAGUA,2023,Sep,9/1/2023,4,38,0,953610
NORWAY,2023,Sep,9/1/2023,3,3,0,82125.9
PAKISTAN,2023,Sep,9/1/2023,12,212,0,5521016.6
PANAMA,2023,Sep,9/1/2023,27,37,0,646053.99
PARAGUAY,2023,Sep,9/1/2023,1,1,0,29060
PERU,2023,Sep,9/1/2023,39,162,0,3483670.18
POLAND,2023,Sep,9/1/2023,5,9,0,224630
RUSSIA,2023,Sep,9/1/2023,1,1,0,27850.5
SAUDI ARABIA,2023,Sep,9/1/2023,1,1,0,28500
SENEGAL,2023,Sep,9/1/2023,1,2,0,56103
SOUTH KOREA,2023,Sep,9/1/2023,25,50,0,805918.89
SPAIN,2023,Sep,9/1/2023,19,46,0,759123.24
SRI LANKA,2023,Sep,9/1/2023,1,4,0,110789.2
SWEDEN,2023,Sep,9/1/2023,1,2,0,42590.9
TAIWAN,2023,Sep,9/1/2023,9,51,0,897461.77
THAILAND,2023,Sep,9/1/2023,2,2,0,11351
TRINIDAD AND TOBAGO,2023,Sep,9/1/2023,1,1,0,21000
TUNISIA,2023,Sep,9/1/2023,2,2,0,56861
TURKEY,2023,Sep,9/1/2023,21,35,8,65892343.15
UNITED ARAB EMIRATES,2023,Sep,9/1/2023,3,6,0,32028.5
UNITED KINGDOM,2023,Sep,9/1/2023,5,5,0,41870.67
US VIRGIN ISLANDS,2023,Sep,9/1/2023,9,1,8,22595769
USA,2023,Sep,9/1/2023,1041,1268,137,108922397
VENEZUELA,2023,Sep,9/1/2023,1,1,0,4540
VIETNAM,2023,Sep,9/1/2023,20,29,0,561776.57
ARGENTINA,2023,Oct,10/1/2023,3,6,0,147640
BAHAMAS,2023,Oct,10/1/2023,12,20,0,454539.64
BELGIUM,2023,Oct,10/1/2023,28,44,0,825189.37
BRAZIL,2023,Oct,10/1/2023,117,262,0,6864265.44
CANADA,2023,Oct,10/1/2023,62,68,1,28014728.57
CHILE,2023,Oct,10/1/2023,7,7,0,119339.42
CHINA,2023,Oct,10/1/2023,450,778,0,15205493.72
COLOMBIA,2023,Oct,10/1/2023,59,268,3,8315215.17
COSTA RICA,2023,Oct,10/1/2023,6,14,0,204354.61
CYPRUS,2023,Oct,10/1/2023,1,1,0,22560
DOMINICAN REPUBLIC,2023,Oct,10/1/2023,158,180,11,9114725.48
ECUADOR,2023,Oct,10/1/2023,2,4,0,61395.67
EGYPT,2023,Oct,10/1/2023,4,11,0,248696.76
EL SALVADOR,2023,Oct,10/1/2023,12,41,0,1090533.8
FINLAND,2023,Oct,10/1/2023,2,0,2,7090279
FRANCE,2023,Oct,10/1/2023,65,86,0,1770310.77
GERMANY,2023,Oct,10/1/2023,14,19,0,363154.48
GREECE,2023,Oct,10/1/2023,1,1,0,6000
GUATEMALA,2023,Oct,10/1/2023,6,20,0,146260.34
HONDURAS,2023,Oct,10/1/2023,14,90,0,2147598.65
INDIA,2023,Oct,10/1/2023,96,301,0,7511373.84
INDONESIA,2023,Oct,10/1/2023,27,118,0,2808690.12
IRELAND,2023,Oct,10/1/2023,1,1,0,9865
ITALY,2023,Oct,10/1/2023,5,5,0,65870.37
IVORY COAST,2023,Oct,10/1/2023,1,1,0,15690
JAMAICA,2023,Oct,10/1/2023,102,158,33,3751194.95
MALAYSIA,2023,Oct,10/1/2023,2,6,0,154629.4
MEXICO,2023,Oct,10/1/2023,17,41,0,770538.04
MOROCCO,2023,Oct,10/1/2023,1,3,0,86580
NETHERLANDS,2023,Oct,10/1/2023,37,101,0,2038937.69
NICARAGUA,2023,Oct,10/1/2023,9,0,9,7032642.8
PAKISTAN,2023,Oct,10/1/2023,2,40,0,1023672
PANAMA,2023,Oct,10/1/2023,31,56,4,1178214.64
PARAGUAY,2023,Oct,10/1/2023,1,1,0,29090
PERU,2023,Oct,10/1/2023,39,184,0,4013339.96
POLAND,2023,Oct,10/1/2023,3,3,0,80440
PORTUGAL,2023,Oct,10/1/2023,1,1,0,19971.85
PUERTO RICO,2023,Oct,10/1/2023,1,1,0,6620.75
ROMANIA,2023,Oct,10/1/2023,5,0,5,5196770
SAINT LUCIA,2023,Oct,10/1/2023,1,4,0,22488
SENEGAL,2023,Oct,10/1/2023,1,3,0,84297
SOUTH AFRICA,2023,Oct,10/1/2023,4,4,0,79725.8
SOUTH KOREA,2023,Oct,10/1/2023,18,38,0,621114.8
SPAIN,2023,Oct,10/1/2023,15,26,0,423665.31
SWEDEN,2023,Oct,10/1/2023,1,1,0,27817
TAIWAN,2023,Oct,10/1/2023,5,46,0,861369.42
TRINIDAD AND TOBAGO,2023,Oct,10/1/2023,3,3,0,58000
TUNISIA,2023,Oct,10/1/2023,1,1,0,28475
TURKEY,2023,Oct,10/1/2023,14,31,1,3823005.86
UNITED ARAB EMIRATES,2023,Oct,10/1/2023,4,8,0,46272.99
UNITED KINGDOM,2023,Oct,10/1/2023,4,4,0,97484.2
URUGUAY,2023,Oct,10/1/2023,2,2,0,27618.5
US VIRGIN ISLANDS,2023,Oct,10/1/2023,8,0,8,20608655
USA,2023,Oct,10/1/2023,1135,1509,82,91515478.1
VIETNAM,2023,Oct,10/1/2023,16,64,0,1606772.55
ARGENTINA,2023,Nov,11/1/2023,3,11,0,262100
AUSTRALIA,2023,Nov,11/1/2023,1,1,0,6672
BAHAMAS,2023,Nov,11/1/2023,4,0,4,8889961
BANGLADESH,2023,Nov,11/1/2023,2,5,0,106425
BELGIUM,2023,Nov,11/1/2023,52,94,0,2324006.5
BRAZIL,2023,Nov,11/1/2023,171,435,1,11477802.56
CANADA,2023,Nov,11/1/2023,84,86,0,1260350.52
CHILE,2023,Nov,11/1/2023,7,11,0,208028.49
CHINA,2023,Nov,11/1/2023,667,1142,4,22039014.2
COLOMBIA,2023,Nov,11/1/2023,55,188,5,12986296.46
COSTA RICA,2023,Nov,11/1/2023,17,23,1,230078.84
CUBA,2023,Nov,11/1/2023,1,10,0,31850.2
CYPRUS,2023,Nov,11/1/2023,1,1,0,21785
DENMARK,2023,Nov,11/1/2023,3,4,0,33851.7
DOMINICAN REPUBLIC,2023,Nov,11/1/2023,198,312,8,10139857.92
ECUADOR,2023,Nov,11/1/2023,1,2,0,36470
EGYPT,2023,Nov,11/1/2023,11,7,7,63961230
EL SALVADOR,2023,Nov,11/1/2023,7,110,0,2885315.43
ESTONIA,2023,Nov,11/1/2023,1,1,0,27040
FRANCE,2023,Nov,11/1/2023,87,105,0,1865138.96
GERMANY,2023,Nov,11/1/2023,10,13,0,256100.99
GUADELOUPE,2023,Nov,11/1/2023,1,1,0,28000
GUATEMALA,2023,Nov,11/1/2023,24,57,0,622453.42
HONDURAS,2023,Nov,11/1/2023,10,50,0,1143925.56
INDIA,2023,Nov,11/1/2023,132,413,0,9952309.29
INDONESIA,2023,Nov,11/1/2023,50,118,13,12971646.97
IRELAND,2023,Nov,11/1/2023,2,2,0,45072
ITALY,2023,Nov,11/1/2023,9,9,0,191245
IVORY COAST,2023,Nov,11/1/2023,1,1,0,14614
JAMAICA,2023,Nov,11/1/2023,10,16,1,386415.83
JAPAN,2023,Nov,11/1/2023,22,2,20,184454.56
LEBANON,2023,Nov,11/1/2023,2,2,0,35720
MALAYSIA,2023,Nov,11/1/2023,7,16,0,343273.35
MEXICO,2023,Nov,11/1/2023,28,54,0,1053609.17
MOROCCO,2023,Nov,11/1/2023,2,3,0,82289.1
NETHERLANDS,2023,Nov,11/1/2023,70,174,0,4060508.26
NORWAY,2023,Nov,11/1/2023,5,5,0,139804
PAKISTAN,2023,Nov,11/1/2023,2,48,0,1252492.8
PANAMA,2023,Nov,11/1/2023,92,165,0,3459619.97
PERU,2023,Nov,11/1/2023,87,338,0,7359275.05
POLAND,2023,Nov,11/1/2023,5,7,0,193872
PORTUGAL,2023,Nov,11/1/2023,1,1,0,26909
PUERTO RICO,2023,Nov,11/1/2023,1,1,0,16329.6
SAUDI ARABIA,2023,Nov,11/1/2023,1,1,0,28500
SENEGAL,2023,Nov,11/1/2023,3,8,0,225103.98
SOUTH KOREA,2023,Nov,11/1/2023,27,59,0,973138.14
SPAIN,2023,Nov,11/1/2023,28,32,0,572084.9
SURINAME,2023,Nov,11/1/2023,1,0,1,1583620
SWEDEN,2023,Nov,11/1/2023,3,3,0,22659.11
TAIWAN,2023,Nov,11/1/2023,9,67,0,1297810.58
THAILAND,2023,Nov,11/1/2023,2,3,0,27973
TRINIDAD AND TOBAGO,2023,Nov,11/1/2023,3,3,0,52083.2
TUNISIA,2023,Nov,11/1/2023,2,2,0,56358
TURKEY,2023,Nov,11/1/2023,32,66,10,80975784.76
UKRAINE,2023,Nov,11/1/2023,1,2,0,55533
UNITED ARAB EMIRATES,2023,Nov,11/1/2023,2,5,0,82292.01
UNITED KINGDOM,2023,Nov,11/1/2023,1,2,0,13347
URUGUAY,2023,Nov,11/1/2023,13,2,11,140827
US VIRGIN ISLANDS,2023,Nov,11/1/2023,12,0,12,31639719
USA,2023,Nov,11/1/2023,1819,1525,706,81297009.03
VIETNAM,2023,Nov,11/1/2023,28,110,0,2643123.65
ALGERIA,2023,Dec,12/1/2023,1,0,1,27540000
ARGENTINA,2023,Dec,12/1/2023,1,2,0,46060
ARUBA,2023,Dec,12/1/2023,5,1,4,13673448
BARBADOS,2023,Dec,12/1/2023,1,1,0,3698.18
BELGIUM,2023,Dec,12/1/2023,31,58,0,1379618.64
BRAZIL,2023,Dec,12/1/2023,167,422,0,10957512.03
CANADA,2023,Dec,12/1/2023,97,114,2,38199332.93
CHILE,2023,Dec,12/1/2023,8,30,0,666687.19
CHINA,2023,Dec,12/1/2023,569,879,0,16278082.86
COLOMBIA,2023,Dec,12/1/2023,57,182,1,7647507.11
COSTA RICA,2023,Dec,12/1/2023,17,57,0,918377.53
DENMARK,2023,Dec,12/1/2023,1,1,0,3796
DOMINICAN REPUBLIC,2023,Dec,12/1/2023,163,239,6,19402812.22
ECUADOR,2023,Dec,12/1/2023,5,5,0,35330.44
EGYPT,2023,Dec,12/1/2023,2,2,0,42335
EL SALVADOR,2023,Dec,12/1/2023,6,40,0,994602.08
ESTONIA,2023,Dec,12/1/2023,1,1,0,27040
FRANCE,2023,Dec,12/1/2023,127,143,0,2735993.98
FRENCH GUIANA,2023,Dec,12/1/2023,1,1,0,4400
GERMANY,2023,Dec,12/1/2023,15,19,0,325273.43
GHANA,2023,Dec,12/1/2023,1,1,0,720
GREECE,2023,Dec,12/1/2023,1,1,0,7200
GUADELOUPE,2023,Dec,12/1/2023,2,2,0,33167
GUATEMALA,2023,Dec,12/1/2023,29,93,10,14578315.41
GUYANA,2023,Dec,12/1/2023,3,11,0,273810
HONDURAS,2023,Dec,12/1/2023,10,32,0,621364.61
INDIA,2023,Dec,12/1/2023,123,338,0,8017230.86
INDONESIA,2023,Dec,12/1/2023,35,99,12,12720720.46
ITALY,2023,Dec,12/1/2023,14,15,0,236839.88
IVORY COAST,2023,Dec,12/1/2023,1,1,0,13989
JAMAICA,2023,Dec,12/1/2023,6,4,2,7087011
JAPAN,2023,Dec,12/1/2023,11,2,9,42124.41
JORDAN,2023,Dec,12/1/2023,1,1,0,24665.8
KENYA,2023,Dec,12/1/2023,1,1,0,1491.7
MALAYSIA,2023,Dec,12/1/2023,10,32,0,741262.65
MEXICO,2023,Dec,12/1/2023,36,84,1,1856367.23
MOROCCO,2023,Dec,12/1/2023,1,1,0,23097.4
NETHERLANDS,2023,Dec,12/1/2023,43,108,0,2494990.24
NETHERLANDS ANTILLES,2023,Dec,12/1/2023,3,3,0,50240
NORWAY,2023,Dec,12/1/2023,13,13,0,348367.4
PAKISTAN,2023,Dec,12/1/2023,7,101,0,2616408.8
PANAMA,2023,Dec,12/1/2023,52,56,0,736913.44
PERU,2023,Dec,12/1/2023,61,248,0,5395000
POLAND,2023,Dec,12/1/2023,14,14,0,371466
PUERTO RICO,2023,Dec,12/1/2023,1,1,0,7165.06
SOUTH AFRICA,2023,Dec,12/1/2023,1,2,0,6000
SOUTH KOREA,2023,Dec,12/1/2023,26,29,0,453886.3
SPAIN,2023,Dec,12/1/2023,14,33,0,745612.99
SRI LANKA,2023,Dec,12/1/2023,3,3,0,21445
SWEDEN,2023,Dec,12/1/2023,1,1,0,19740.95
TAIWAN,2023,Dec,12/1/2023,5,44,0,866048.19
THAILAND,2023,Dec,12/1/2023,4,5,0,60507.96
TRINIDAD AND TOBAGO,2023,Dec,12/1/2023,8,11,0,166643.98
TUNISIA,2023,Dec,12/1/2023,2,2,0,56523
TURKEY,2023,Dec,12/1/2023,26,49,7,71585929.29
UKRAINE,2023,Dec,12/1/2023,5,15,0,416497.5
UNITED ARAB EMIRATES,2023,Dec,12/1/2023,5,8,0,137017.2
US VIRGIN ISLANDS,2023,Dec,12/1/2023,6,0,6,25558908
USA,2023,Dec,12/1/2023,1302,1504,131,96723157.55
VENEZUELA,2023,Dec,12/1/2023,1,5,0,78200
VIETNAM,2023,Dec,12/1/2023,26,150,0,3878241.91
ARGENTINA,2024,Jan,1/1/2024,5,7,0,143301.23
BELGIUM,2024,Jan,1/1/2024,24,84,0,1902093.4
BRAZIL,2024,Jan,1/1/2024,164,349,0,9244776.45
CANADA,2024,Jan,1/1/2024,31,31,0,475178.5
CHILE,2024,Jan,1/1/2024,5,14,0,270223.09
CHINA,2024,Jan,1/1/2024,455,795,1,16330172.7
COLOMBIA,2024,Jan,1/1/2024,45,171,1,7622343.29
COSTA RICA,2024,Jan,1/1/2024,6,16,0,211324.76
DENMARK,2024,Jan,1/1/2024,2,3,0,14162
DOMINICAN REPUBLIC,2024,Jan,1/1/2024,123,180,14,10100756.89
ECUADOR,2024,Jan,1/1/2024,1,1,0,4788.99
EGYPT,2024,Jan,1/1/2024,8,2,6,27875101.5
ESTONIA,2024,Jan,1/1/2024,1,1,0,27040
FINLAND,2024,Jan,1/1/2024,1,1,0,17700
FRANCE,2024,Jan,1/1/2024,65,77,0,1448160.46
GERMANY,2024,Jan,1/1/2024,20,29,0,561246
GUADELOUPE,2024,Jan,1/1/2024,1,1,0,24100
GUATEMALA,2024,Jan,1/1/2024,17,86,2,4291208.55
GUYANA,2024,Jan,1/1/2024,2,10,0,271740
HAITI,2024,Jan,1/1/2024,1,1,0,24010
HONDURAS,2024,Jan,1/1/2024,7,7,0,92936.54
INDIA,2024,Jan,1/1/2024,111,271,0,6265410.83
INDONESIA,2024,Jan,1/1/2024,42,121,10,9894827.48
IRELAND,2024,Jan,1/1/2024,4,6,0,147768
ISRAEL,2024,Jan,1/1/2024,2,2,0,39052
ITALY,2024,Jan,1/1/2024,13,15,0,289947.22
IVORY COAST,2024,Jan,1/1/2024,1,6,0,167794.02
JAMAICA,2024,Jan,1/1/2024,10,13,0,247710.41
JAPAN,2024,Jan,1/1/2024,2,3,0,21820
JORDAN,2024,Jan,1/1/2024,1,1,0,27520
MALAYSIA,2024,Jan,1/1/2024,10,37,0,854903.45
MARTINIQUE,2024,Jan,1/1/2024,1,1,0,2880
MEXICO,2024,Jan,1/1/2024,29,45,0,843596.36
MOROCCO,2024,Jan,1/1/2024,2,41,0,1065351.6
NETHERLANDS,2024,Jan,1/1/2024,21,66,0,1363798.44
NETHERLANDS ANTILLES,2024,Jan,1/1/2024,1,1,0,17010
NICARAGUA,2024,Jan,1/1/2024,9,0,9,7233080
NORWAY,2024,Jan,1/1/2024,3,3,0,81988
PAKISTAN,2024,Jan,1/1/2024,9,246,0,6407869
PANAMA,2024,Jan,1/1/2024,20,24,0,337462.38
PARAGUAY,2024,Jan,1/1/2024,3,3,0,87630
PERU,2024,Jan,1/1/2024,36,145,0,3065843.82
POLAND,2024,Jan,1/1/2024,14,17,0,443002.8
PUERTO RICO,2024,Jan,1/1/2024,1,1,0,6042
ROMANIA,2024,Jan,1/1/2024,2,6,0,165286.5
SAUDI ARABIA,2024,Jan,1/1/2024,1,1,0,28500
SOUTH AFRICA,2024,Jan,1/1/2024,2,3,0,44534.8
SOUTH KOREA,2024,Jan,1/1/2024,25,40,0,570092.82
SPAIN,2024,Jan,1/1/2024,24,68,0,1527094.91
SWEDEN,2024,Jan,1/1/2024,4,4,0,103008.01
TAIWAN,2024,Jan,1/1/2024,7,47,0,854946.15
THAILAND,2024,Jan,1/1/2024,2,4,0,75604
TRINIDAD AND TOBAGO,2024,Jan,1/1/2024,1,1,0,4720
TUNISIA,2024,Jan,1/1/2024,3,3,0,85042
TURKEY,2024,Jan,1/1/2024,30,59,13,100716609.5
UKRAINE,2024,Jan,1/1/2024,3,10,0,277665
UNITED ARAB EMIRATES,2024,Jan,1/1/2024,4,10,0,119216.91
UNITED KINGDOM,2024,Jan,1/1/2024,3,5,0,71655.99
URUGUAY,2024,Jan,1/1/2024,1,1,0,15581.69
US VIRGIN ISLANDS,2024,Jan,1/1/2024,16,0,16,47007592
USA,2024,Jan,1/1/2024,714,881,78,92653131.36
VENEZUELA,2024,Jan,1/1/2024,2,2,0,7130
VIETNAM,2024,Jan,1/1/2024,40,193,0,4934442.18
ARGENTINA,2024,Feb,2/1/2024,1,2,0,50680
BELGIUM,2024,Feb,2/1/2024,17,40,0,919427.97
BRAZIL,2024,Feb,2/1/2024,121,301,0,7855717.89
CANADA,2024,Feb,2/1/2024,23,22,1,30478902.09
CHILE,2024,Feb,2/1/2024,7,7,0,113975.56
CHINA,2024,Feb,2/1/2024,562,937,4,18428051.34
COLOMBIA,2024,Feb,2/1/2024,36,339,1,12009827.92
COSTA RICA,2024,Feb,2/1/2024,2,4,0,36078.72
DENMARK,2024,Feb,2/1/2024,1,2,0,24103
DOMINICAN REPUBLIC,2024,Feb,2/1/2024,178,248,3,4114967.71
ECUADOR,2024,Feb,2/1/2024,3,3,0,63221
EGYPT,2024,Feb,2/1/2024,1,3,0,64521.6
FRANCE,2024,Feb,2/1/2024,26,51,0,896636.13
GERMANY,2024,Feb,2/1/2024,9,10,0,117222.31
GUADELOUPE,2024,Feb,2/1/2024,2,2,0,42410
GUATEMALA,2024,Feb,2/1/2024,18,45,0,823931.45
HONDURAS,2024,Feb,2/1/2024,13,142,0,3467565.26
INDIA,2024,Feb,2/1/2024,54,157,0,3610169.54
INDONESIA,2024,Feb,2/1/2024,42,147,11,13622592.39
ISRAEL,2024,Feb,2/1/2024,3,3,0,85335
ITALY,2024,Feb,2/1/2024,10,12,0,207455.24
JAMAICA,2024,Feb,2/1/2024,7,4,3,80160.02
JAPAN,2024,Feb,2/1/2024,13,4,11,103140.66
MALAYSIA,2024,Feb,2/1/2024,4,5,0,96538.4
MALTA,2024,Feb,2/1/2024,1,4,0,123280
MEXICO,2024,Feb,2/1/2024,20,42,0,913774.49
NETHERLANDS,2024,Feb,2/1/2024,34,116,0,2362489.2
NETHERLANDS ANTILLES,2024,Feb,2/1/2024,1,1,0,20210
NICARAGUA,2024,Feb,2/1/2024,4,45,0,1129275
NORWAY,2024,Feb,2/1/2024,3,3,0,81476
OMAN,2024,Feb,2/1/2024,1,2,0,32511
PAKISTAN,2024,Feb,2/1/2024,8,90,5,14393424
PANAMA,2024,Feb,2/1/2024,27,32,2,638438.53
PERU,2024,Feb,2/1/2024,53,212,0,4533980.41
POLAND,2024,Feb,2/1/2024,10,16,0,427657.8
PUERTO RICO,2024,Feb,2/1/2024,1,1,0,4990
SENEGAL,2024,Feb,2/1/2024,3,6,0,168934
SOUTH KOREA,2024,Feb,2/1/2024,18,29,0,568421.67
SPAIN,2024,Feb,2/1/2024,19,35,0,809144.44
SRI LANKA,2024,Feb,2/1/2024,1,1,0,1705
TAIWAN,2024,Feb,2/1/2024,1,1,0,17020
THAILAND,2024,Feb,2/1/2024,5,5,0,80233.6
TRINIDAD AND TOBAGO,2024,Feb,2/1/2024,6,1,5,16371581.38
TUNISIA,2024,Feb,2/1/2024,2,2,0,56604
TURKEY,2024,Feb,2/1/2024,24,43,2,32586552.22
UNITED ARAB EMIRATES,2024,Feb,2/1/2024,3,4,0,75023.64
UNITED KINGDOM,2024,Feb,2/1/2024,4,4,0,90259.79
US VIRGIN ISLANDS,2024,Feb,2/1/2024,10,0,10,29849911
USA,2024,Feb,2/1/2024,683,826,124,72426932.03
VENEZUELA,2024,Feb,2/1/2024,2,2,0,10043.01
VIETNAM,2024,Feb,2/1/2024,24,81,0,1975354.22
BRAZIL,2024,Mar,3/1/2024,15,18,0,474809.82
CANADA,2024,Mar,3/1/2024,4,4,0,57664.75
CHINA,2024,Mar,3/1/2024,24,26,0,422099
COLOMBIA,2024,Mar,3/1/2024,2,2,1,3623530
DOMINICAN REPUBLIC,2024,Mar,3/1/2024,24,26,15,35860816.57
EGYPT,2024,Mar,3/1/2024,6,0,6,27845621
FRANCE,2024,Mar,3/1/2024,16,19,0,434235.97
GUATEMALA,2024,Mar,3/1/2024,10,100,0,2369197
HONDURAS,2024,Mar,3/1/2024,1,20,0,501600
INDIA,2024,Mar,3/1/2024,23,79,0,1883257.32
INDONESIA,2024,Mar,3/1/2024,18,50,12,10567540.4
IRELAND,2024,Mar,3/1/2024,2,2,0,53650
ITALY,2024,Mar,3/1/2024,2,2,0,26090
LATVIA,2024,Mar,3/1/2024,1,4,0,114997
MEXICO,2024,Mar,3/1/2024,6,6,0,94405
NETHERLANDS,2024,Mar,3/1/2024,1,1,0,16695
PAKISTAN,2024,Mar,3/1/2024,14,38,13,48222356.04
PANAMA,2024,Mar,3/1/2024,2,0,2,20720
PERU,2024,Mar,3/1/2024,2,17,0,365445.05
SOUTH KOREA,2024,Mar,3/1/2024,1,1,0,1796
TRINIDAD AND TOBAGO,2024,Mar,3/1/2024,4,7,0,94502.8
TUNISIA,2024,Mar,3/1/2024,1,1,0,28595
TURKEY,2024,Mar,3/1/2024,6,0,6,29219310.32
UKRAINE,2024,Mar,3/1/2024,7,16,0,444253.28
UNITED ARAB EMIRATES,2024,Mar,3/1/2024,2,8,0,186850
URUGUAY,2024,Mar,3/1/2024,18,0,18,130435
USA,2024,Mar,3/1/2024,576,256,346,64723924.95
VIETNAM,2024,Mar,3/1/2024,2,13,0,347472
BELGIUM,2024,Apr,4/1/2024,4,4,0,82722.21
BRAZIL,2024,Apr,4/1/2024,51,113,0,2879107.59
CANADA,2024,Apr,4/1/2024,17,17,0,214571.1
CHILE,2024,Apr,4/1/2024,3,3,0,39334.75
CHINA,2024,Apr,4/1/2024,302,489,6,8885773.76
COLOMBIA,2024,Apr,4/1/2024,32,89,0,1968824.86
DOMINICAN REPUBLIC,2024,Apr,4/1/2024,16,35,10,18824922.76
ECUADOR,2024,Apr,4/1/2024,2,2,0,21170
EL SALVADOR,2024,Apr,4/1/2024,3,81,0,2195660.52
FRANCE,2024,Apr,4/1/2024,37,37,0,931960.11
GERMANY,2024,Apr,4/1/2024,1,1,0,5232
GUADELOUPE,2024,Apr,4/1/2024,1,1,0,14360
GUATEMALA,2024,Apr,4/1/2024,8,26,0,556224.11
HONDURAS,2024,Apr,4/1/2024,3,70,0,1754000
INDIA,2024,Apr,4/1/2024,73,185,0,4400625.55
INDONESIA,2024,Apr,4/1/2024,35,177,8,10526761.19
IRELAND,2024,Apr,4/1/2024,1,1,0,26720
ITALY,2024,Apr,4/1/2024,3,3,0,55030
JAMAICA,2024,Apr,4/1/2024,3,5,0,110729.14
JAPAN,2024,Apr,4/1/2024,2,3,0,24316.8
MALAYSIA,2024,Apr,4/1/2024,4,7,0,131161.35
MEXICO,2024,Apr,4/1/2024,12,28,0,634728.9
MOROCCO,2024,Apr,4/1/2024,2,3,0,79591.6
NETHERLANDS,2024,Apr,4/1/2024,5,24,0,444839.53
NICARAGUA,2024,Apr,4/1/2024,7,15,6,6892291.2
NORWAY,2024,Apr,4/1/2024,3,3,0,82500
OMAN,2024,Apr,4/1/2024,2,3,0,86265
PANAMA,2024,Apr,4/1/2024,2,2,0,17612.95
PERU,2024,Apr,4/1/2024,23,105,0,2148834.99
POLAND,2024,Apr,4/1/2024,1,1,0,26245
PUERTO RICO,2024,Apr,4/1/2024,1,1,0,7582
SOUTH KOREA,2024,Apr,4/1/2024,31,59,0,1330292.56
SPAIN,2024,Apr,4/1/2024,3,7,0,177568
TAIWAN,2024,Apr,4/1/2024,4,43,0,829817.94
TRINIDAD AND TOBAGO,2024,Apr,4/1/2024,1,1,0,12568
TURKEY,2024,Apr,4/1/2024,7,14,2,15240036.15
UKRAINE,2024,Apr,4/1/2024,4,4,0,111066
US VIRGIN ISLANDS,2024,Apr,4/1/2024,7,0,7,20208509
USA,2024,Apr,4/1/2024,557,516,165,67504421.76
VIETNAM,2024,Apr,4/1/2024,15,18,0,337418.87
ARGENTINA,2024,May,5/1/2024,2,3,0,71705.08
BELGIUM,2024,May,5/1/2024,31,80,0,1959394.04
BRAZIL,2024,May,5/1/2024,135,239,0,6097132.02
BULGARIA,2024,May,5/1/2024,1,1,0,15040
CANADA,2024,May,5/1/2024,21,22,1,27410256.81
CHILE,2024,May,5/1/2024,5,5,0,100965.95
CHINA,2024,May,5/1/2024,449,945,0,18361556.13
COLOMBIA,2024,May,5/1/2024,48,366,1,13387599.22
COSTA RICA,2024,May,5/1/2024,9,14,0,181344.91
CYPRUS,2024,May,5/1/2024,1,1,0,21705
DOMINICAN REPUBLIC,2024,May,5/1/2024,99,157,9,14799004.03
EGYPT,2024,May,5/1/2024,8,0,8,38801702
EL SALVADOR,2024,May,5/1/2024,1,1,0,27106.92
FRANCE,2024,May,5/1/2024,56,108,0,2653335.02
GERMANY,2024,May,5/1/2024,5,5,0,83299
GUATEMALA,2024,May,5/1/2024,12,29,0,630247.21
GUYANA,2024,May,5/1/2024,6,50,0,1358935
HONDURAS,2024,May,5/1/2024,10,52,0,1224025.93
INDIA,2024,May,5/1/2024,100,280,0,6393459.61
INDONESIA,2024,May,5/1/2024,24,164,0,3932966.63
ISRAEL,2024,May,5/1/2024,1,1,0,28300
ITALY,2024,May,5/1/2024,4,4,0,60580
JAPAN,2024,May,5/1/2024,3,4,0,15410
MALAYSIA,2024,May,5/1/2024,28,95,0,2076648.68
MEXICO,2024,May,5/1/2024,21,51,0,877696.17
MOROCCO,2024,May,5/1/2024,1,1,0,23637.9
NETHERLANDS,2024,May,5/1/2024,30,124,0,2532463.4
NORWAY,2024,May,5/1/2024,5,5,0,136694.6
PAKISTAN,2024,May,5/1/2024,14,290,0,7534816.96
PANAMA,2024,May,5/1/2024,37,40,0,689662.93
PARAGUAY,2024,May,5/1/2024,2,6,0,163070
PERU,2024,May,5/1/2024,23,132,0,2854061.02
POLAND,2024,May,5/1/2024,11,18,0,457992
PUERTO RICO,2024,May,5/1/2024,1,2,0,44927
SENEGAL,2024,May,5/1/2024,3,6,0,165964
SINGAPORE,2024,May,5/1/2024,1,1,0,16200
SOUTH AFRICA,2024,May,5/1/2024,3,3,0,9580
SOUTH KOREA,2024,May,5/1/2024,26,48,0,934099.97
SPAIN,2024,May,5/1/2024,15,16,0,370199.82
SRI LANKA,2024,May,5/1/2024,1,1,0,745
SWEDEN,2024,May,5/1/2024,1,1,0,24780
TAIWAN,2024,May,5/1/2024,5,21,0,371444.77
THAILAND,2024,May,5/1/2024,6,8,0,117577
TRINIDAD AND TOBAGO,2024,May,5/1/2024,1,3,0,60500.01
TURKEY,2024,May,5/1/2024,24,55,2,31049350.71
UKRAINE,2024,May,5/1/2024,2,6,0,166599
UNITED ARAB EMIRATES,2024,May,5/1/2024,15,24,0,360169.6
UNITED KINGDOM,2024,May,5/1/2024,1,1,0,25728
US VIRGIN ISLANDS,2024,May,5/1/2024,9,0,9,31005428
USA,2024,May,5/1/2024,1260,982,527,159440124.1
VIETNAM,2024,May,5/1/2024,17,31,0,610860.7
ARGENTINA,2024,Jun,6/1/2024,1,2,0,50740
BELGIUM,2024,Jun,6/1/2024,7,7,0,135967.67
BRAZIL,2024,Jun,6/1/2024,112,320,0,8481628.84
CANADA,2024,Jun,6/1/2024,40,40,1,30573184
CHILE,2024,Jun,6/1/2024,2,2,0,36390
CHINA,2024,Jun,6/1/2024,240,503,0,10730272.21
COLOMBIA,2024,Jun,6/1/2024,24,58,1,4704960.54
COSTA RICA,2024,Jun,6/1/2024,8,18,0,246953.51
DOMINICAN REPUBLIC,2024,Jun,6/1/2024,106,170,5,12410111.7
ECUADOR,2024,Jun,6/1/2024,1,1,0,24686
EL SALVADOR,2024,Jun,6/1/2024,6,102,0,2764905.84
FRANCE,2024,Jun,6/1/2024,35,47,0,1031700.91
GERMANY,2024,Jun,6/1/2024,12,6,6,5107930.07
GUADELOUPE,2024,Jun,6/1/2024,2,2,0,30000
GUATEMALA,2024,Jun,6/1/2024,26,219,0,5539953.02
GUYANA,2024,Jun,6/1/2024,4,40,0,1078415
HONDURAS,2024,Jun,6/1/2024,5,52,0,1316093.88
INDIA,2024,Jun,6/1/2024,117,385,5,9398931.9
INDONESIA,2024,Jun,6/1/2024,48,184,11,13089399.21
ITALY,2024,Jun,6/1/2024,5,5,0,123499
IVORY COAST,2024,Jun,6/1/2024,1,1,0,17850
JAMAICA,2024,Jun,6/1/2024,2,2,0,26192.41
JAPAN,2024,Jun,6/1/2024,3,3,0,12852
JORDAN,2024,Jun,6/1/2024,3,5,0,34330
KENYA,2024,Jun,6/1/2024,1,1,0,17298.5
MALAYSIA,2024,Jun,6/1/2024,16,62,0,1361089.29
MEXICO,2024,Jun,6/1/2024,23,54,0,1064646.33
MOROCCO,2024,Jun,6/1/2024,2,4,0,108562
NETHERLANDS,2024,Jun,6/1/2024,9,16,0,364083.14
NORWAY,2024,Jun,6/1/2024,1,1,0,19044
PAKISTAN,2024,Jun,6/1/2024,1,1,0,18729
PANAMA,2024,Jun,6/1/2024,44,52,0,764311.71
PERU,2024,Jun,6/1/2024,40,197,0,4337506
POLAND,2024,Jun,6/1/2024,8,8,0,229174
PUERTO RICO,2024,Jun,6/1/2024,1,1,0,5689
SAUDI ARABIA,2024,Jun,6/1/2024,1,1,0,22000
SOUTH AFRICA,2024,Jun,6/1/2024,3,3,0,66301
SOUTH KOREA,2024,Jun,6/1/2024,15,17,3,329492.71
SPAIN,2024,Jun,6/1/2024,6,6,0,112894.44
SWEDEN,2024,Jun,6/1/2024,1,1,0,27817
TAIWAN,2024,Jun,6/1/2024,11,96,0,1854035.28
THAILAND,2024,Jun,6/1/2024,2,2,0,35664
TOGO,2024,Jun,6/1/2024,1,1,0,27875
TRINIDAD AND TOBAGO,2024,Jun,6/1/2024,1,1,0,18500
TURKEY,2024,Jun,6/1/2024,18,20,9,62408078.88
UNITED ARAB EMIRATES,2024,Jun,6/1/2024,9,13,0,197862.6
UNITED KINGDOM,2024,Jun,6/1/2024,1,1,0,2520
URUGUAY,2024,Jun,6/1/2024,3,3,0,60520
US VIRGIN ISLANDS,2024,Jun,6/1/2024,13,0,13,32316326
USA,2024,Jun,6/1/2024,955,1151,255,159474922.5
VIETNAM,2024,Jun,6/1/2024,20,29,0,536519.4
BELGIUM,2024,Jul,7/1/2024,26,61,0,1331463.28
BRAZIL,2024,Jul,7/1/2024,113,274,0,7313054.62
CANADA,2024,Jul,7/1/2024,38,38,0,657501.95
CHILE,2024,Jul,7/1/2024,2,2,0,14000
CHINA,2024,Jul,7/1/2024,326,523,0,10784383.14
COLOMBIA,2024,Jul,7/1/2024,44,184,0,4219819.62
COSTA RICA,2024,Jul,7/1/2024,1,1,0,6380
DOMINICAN REPUBLIC,2024,Jul,7/1/2024,163,248,12,30700929.85
EL SALVADOR,2024,Jul,7/1/2024,2,0,2,7220800
FRANCE,2024,Jul,7/1/2024,57,63,0,1392443.78
GERMANY,2024,Jul,7/1/2024,3,3,0,12660.86
GUADELOUPE,2024,Jul,7/1/2024,2,2,0,26360
GUATEMALA,2024,Jul,7/1/2024,19,38,9,9393996.01
GUYANA,2024,Jul,7/1/2024,2,20,0,543653
HONDURAS,2024,Jul,7/1/2024,44,158,0,3601749.45
INDIA,2024,Jul,7/1/2024,63,224,0,5779525.31
INDONESIA,2024,Jul,7/1/2024,24,77,0,1960943.45
IRELAND,2024,Jul,7/1/2024,2,2,0,53650
ITALY,2024,Jul,7/1/2024,5,8,0,169065.59
JAMAICA,2024,Jul,7/1/2024,3,3,0,43240.27
LEBANON,2024,Jul,7/1/2024,1,1,0,20702
MALAYSIA,2024,Jul,7/1/2024,6,25,0,615813.6
MEXICO,2024,Jul,7/1/2024,28,92,0,2092832.45
MOROCCO,2024,Jul,7/1/2024,2,20,0,502120
NETHERLANDS,2024,Jul,7/1/2024,36,123,0,2445627.62
NICARAGUA,2024,Jul,7/1/2024,11,0,11,10027160
NORWAY,2024,Jul,7/1/2024,1,1,0,19044
PAKISTAN,2024,Jul,7/1/2024,16,0,16,27111401
PANAMA,2024,Jul,7/1/2024,59,61,0,940406.95
PERU,2024,Jul,7/1/2024,40,203,0,4287224.62
POLAND,2024,Jul,7/1/2024,5,5,0,133470
SENEGAL,2024,Jul,7/1/2024,1,3,0,84429
SOUTH KOREA,2024,Jul,7/1/2024,5,7,0,119572.3
SPAIN,2024,Jul,7/1/2024,13,38,0,840256.68
SWEDEN,2024,Jul,7/1/2024,1,1,0,27817
TAIWAN,2024,Jul,7/1/2024,4,41,0,827877.5
TRINIDAD AND TOBAGO,2024,Jul,7/1/2024,8,25,0,328653.69
TURKEY,2024,Jul,7/1/2024,17,19,5,1106743.75
UNITED ARAB EMIRATES,2024,Jul,7/1/2024,1,3,0,23780.01
UNITED KINGDOM,2024,Jul,7/1/2024,6,6,0,115628.6
URUGUAY,2024,Jul,7/1/2024,1,1,0,12588.82
US VIRGIN ISLANDS,2024,Jul,7/1/2024,7,0,7,24208040
USA,2024,Jul,7/1/2024,1081,1067,273,73983985.47
ARGENTINA,2024,Aug,8/1/2024,4,19,0,503474
BELGIUM,2024,Aug,8/1/2024,14,25,0,525235.52
BRAZIL,2024,Aug,8/1/2024,122,328,0,8744239.06
CANADA,2024,Aug,8/1/2024,53,64,0,954405.42
CHILE,2024,Aug,8/1/2024,7,9,0,185827.7
CHINA,2024,Aug,8/1/2024,540,785,0,15537304
COLOMBIA,2024,Aug,8/1/2024,73,399,2,30385532.81
COSTA RICA,2024,Aug,8/1/2024,11,17,1,313225.66
DENMARK,2024,Aug,8/1/2024,7,23,0,243053.24
DOMINICAN REPUBLIC,2024,Aug,8/1/2024,80,96,6,5960752.79
ECUADOR,2024,Aug,8/1/2024,2,4,0,22355.06
EGYPT,2024,Aug,8/1/2024,10,4,8,33875654
FINLAND,2024,Aug,8/1/2024,2,2,0,51347.7
FRANCE,2024,Aug,8/1/2024,76,98,0,1921083.81
GERMANY,2024,Aug,8/1/2024,16,18,0,446342.36
GUADELOUPE,2024,Aug,8/1/2024,1,1,0,28577
GUATEMALA,2024,Aug,8/1/2024,17,23,7,7283372.43
GUYANA,2024,Aug,8/1/2024,1,10,0,281535
HAITI,2024,Aug,8/1/2024,1,0,1,1920
HONDURAS,2024,Aug,8/1/2024,86,333,0,7673089.5
INDIA,2024,Aug,8/1/2024,59,161,0,3802337.17
INDONESIA,2024,Aug,8/1/2024,12,96,0,2463276.8
ITALY,2024,Aug,8/1/2024,19,35,0,649401.64
IVORY COAST,2024,Aug,8/1/2024,1,1,0,14664
JAMAICA,2024,Aug,8/1/2024,9,3,6,68114
JAPAN,2024,Aug,8/1/2024,8,1,7,66277.71
MALAYSIA,2024,Aug,8/1/2024,13,2,12,9794693
MEXICO,2024,Aug,8/1/2024,26,41,0,730262.55
MOROCCO,2024,Aug,8/1/2024,2,5,0,135088.3
NETHERLANDS,2024,Aug,8/1/2024,43,177,0,3648283.76
NICARAGUA,2024,Aug,8/1/2024,3,30,0,767557
NORWAY,2024,Aug,8/1/2024,5,5,0,139289.6
PAKISTAN,2024,Aug,8/1/2024,3,41,0,1064306
PANAMA,2024,Aug,8/1/2024,55,61,0,729673.04
PERU,2024,Aug,8/1/2024,66,264,0,5740611.73
POLAND,2024,Aug,8/1/2024,17,23,0,654343.9
PORTUGAL,2024,Aug,8/1/2024,1,1,0,2295
PUERTO RICO,2024,Aug,8/1/2024,1,2,0,20402.2
SENEGAL,2024,Aug,8/1/2024,2,4,0,112531
SOUTH KOREA,2024,Aug,8/1/2024,16,26,0,512578.77
SPAIN,2024,Aug,8/1/2024,19,50,0,1091279.83
SWEDEN,2024,Aug,8/1/2024,6,6,0,159660
TAIWAN,2024,Aug,8/1/2024,3,40,0,785388.58
TRINIDAD AND TOBAGO,2024,Aug,8/1/2024,9,14,6,9474104.97
TURKEY,2024,Aug,8/1/2024,9,20,2,31740153.98
UKRAINE,2024,Aug,8/1/2024,1,5,0,138832.5
UNITED ARAB EMIRATES,2024,Aug,8/1/2024,5,7,0,169894
UNITED KINGDOM,2024,Aug,8/1/2024,4,4,0,103145
URUGUAY,2024,Aug,8/1/2024,1,1,0,23040.74
US VIRGIN ISLANDS,2024,Aug,8/1/2024,19,0,19,55307497
USA,2024,Aug,8/1/2024,1170,1137,320,67602687.86
VENEZUELA,2024,Aug,8/1/2024,1,5,0,82030
VIETNAM,2024,Aug,8/1/2024,12,18,0,338357.34
BELGIUM,2024,Sep,9/1/2024,11,64,0,1495983.63
BRAZIL,2024,Sep,9/1/2024,73,178,0,4707686.07
CANADA,2024,Sep,9/1/2024,11,10,1,27153718.39
CHINA,2024,Sep,9/1/2024,59,95,0,2077347.05
COLOMBIA,2024,Sep,9/1/2024,5,54,1,4950372.01
DOMINICAN REPUBLIC,2024,Sep,9/1/2024,69,112,11,31259934.35
ECUADOR,2024,Sep,9/1/2024,1,3,0,53469.99
EGYPT,2024,Sep,9/1/2024,4,1,3,37227622.1
EL SALVADOR,2024,Sep,9/1/2024,4,40,2,8250562.43
FRANCE,2024,Sep,9/1/2024,29,39,0,699737.45
GERMANY,2024,Sep,9/1/2024,1,1,0,18813
GUADELOUPE,2024,Sep,9/1/2024,1,1,0,14770
GUATEMALA,2024,Sep,9/1/2024,7,10,6,5978412.8
HONDURAS,2024,Sep,9/1/2024,23,61,0,1332736.43
INDIA,2024,Sep,9/1/2024,33,140,0,3417058.86
INDONESIA,2024,Sep,9/1/2024,31,116,14,15118533.68
ITALY,2024,Sep,9/1/2024,1,1,0,27320
JAMAICA,2024,Sep,9/1/2024,1,1,0,3000
LEBANON,2024,Sep,9/1/2024,1,1,0,13193
MAURITANIA,2024,Sep,9/1/2024,2,14,0,401925
MEXICO,2024,Sep,9/1/2024,5,29,0,669388.84
NETHERLANDS,2024,Sep,9/1/2024,2,8,0,182764.47
PAKISTAN,2024,Sep,9/1/2024,1,1,0,16909.2
PERU,2024,Sep,9/1/2024,2,10,0,216820
POLAND,2024,Sep,9/1/2024,1,1,0,27500
SENEGAL,2024,Sep,9/1/2024,2,6,0,168103
SOUTH KOREA,2024,Sep,9/1/2024,1,2,0,20482
SPAIN,2024,Sep,9/1/2024,4,5,0,74012.2
THAILAND,2024,Sep,9/1/2024,5,9,0,112466
TRINIDAD AND TOBAGO,2024,Sep,9/1/2024,2,2,0,37000
TUNISIA,2024,Sep,9/1/2024,1,2,0,48912
TURKEY,2024,Sep,9/1/2024,5,12,2,34185456.2
UNITED ARAB EMIRATES,2024,Sep,9/1/2024,5,9,0,217520
US VIRGIN ISLANDS,2024,Sep,9/1/2024,10,0,10,31147608
USA,2024,Sep,9/1/2024,864,441,471,186096360.1
VIETNAM,2024,Sep,9/1/2024,3,5,0,111216.01
ARGENTINA,2024,Oct,10/1/2024,4,4,0,102015.24
AUSTRALIA,2024,Oct,10/1/2024,1,1,0,5262
BELGIUM,2024,Oct,10/1/2024,27,56,0,1537561.19
BRAZIL,2024,Oct,10/1/2024,154,277,2,7509386.85
CANADA,2024,Oct,10/1/2024,53,56,0,908396.3
CHILE,2024,Oct,10/1/2024,4,7,0,171239.9
CHINA,2024,Oct,10/1/2024,537,915,1,18277085.19
COLOMBIA,2024,Oct,10/1/2024,36,308,1,11152803.28
COSTA RICA,2024,Oct,10/1/2024,5,10,0,119072.65
DENMARK,2024,Oct,10/1/2024,2,2,0,45383
DOMINICAN REPUBLIC,2024,Oct,10/1/2024,63,89,4,23303622.96
ECUADOR,2024,Oct,10/1/2024,1,1,0,18900
EGYPT,2024,Oct,10/1/2024,23,12,17,72078933.6
EL SALVADOR,2024,Oct,10/1/2024,3,60,0,1626414.8
ESTONIA,2024,Oct,10/1/2024,1,1,0,27040
FINLAND,2024,Oct,10/1/2024,1,1,0,1821
FRANCE,2024,Oct,10/1/2024,81,94,0,1945156.67
GERMANY,2024,Oct,10/1/2024,10,11,0,220496.32
GHANA,2024,Oct,10/1/2024,1,1,0,21908
GUADELOUPE,2024,Oct,10/1/2024,4,4,0,84598
GUATEMALA,2024,Oct,10/1/2024,4,16,0,367124.16
HONDURAS,2024,Oct,10/1/2024,34,148,0,3434217.6
INDIA,2024,Oct,10/1/2024,45,122,0,2938046.95
INDONESIA,2024,Oct,10/1/2024,21,128,0,2960174.1
IRELAND,2024,Oct,10/1/2024,2,2,0,45072
ITALY,2024,Oct,10/1/2024,7,8,0,120538
JAMAICA,2024,Oct,10/1/2024,4,1,3,23123.83
JORDAN,2024,Oct,10/1/2024,1,2,0,55420
LITHUANIA,2024,Oct,10/1/2024,1,1,0,26814
MALAYSIA,2024,Oct,10/1/2024,19,26,11,9295409.5
MAURITANIA,2024,Oct,10/1/2024,2,6,0,172500
MEXICO,2024,Oct,10/1/2024,15,17,0,276490.58
MOROCCO,2024,Oct,10/1/2024,1,1,0,23288
NETHERLANDS,2024,Oct,10/1/2024,40,86,0,1906357.08
NETHERLANDS ANTILLES,2024,Oct,10/1/2024,2,2,0,33520
NORWAY,2024,Oct,10/1/2024,3,3,0,81343
OMAN,2024,Oct,10/1/2024,3,5,0,99825.28
PAKISTAN,2024,Oct,10/1/2024,1,5,0,140571
PANAMA,2024,Oct,10/1/2024,45,49,0,707302.22
PERU,2024,Oct,10/1/2024,62,232,0,5154839.97
POLAND,2024,Oct,10/1/2024,7,8,0,219400
PORTUGAL,2024,Oct,10/1/2024,2,2,0,47086
ROMANIA,2024,Oct,10/1/2024,3,3,0,79989.5
SENEGAL,2024,Oct,10/1/2024,1,2,0,56036
SOUTH AFRICA,2024,Oct,10/1/2024,2,3,0,64832
SOUTH KOREA,2024,Oct,10/1/2024,7,22,0,570287.01
SPAIN,2024,Oct,10/1/2024,8,26,0,693304.8
SWEDEN,2024,Oct,10/1/2024,2,2,0,55634
TAIWAN,2024,Oct,10/1/2024,5,68,0,1346557.34
TOGO,2024,Oct,10/1/2024,1,1,0,28063
TRINIDAD AND TOBAGO,2024,Oct,10/1/2024,4,10,0,154683.38
TUNISIA,2024,Oct,10/1/2024,1,1,0,24456
TURKEY,2024,Oct,10/1/2024,27,54,4,42010379.32
UKRAINE,2024,Oct,10/1/2024,10,17,0,472030.5
UNITED ARAB EMIRATES,2024,Oct,10/1/2024,7,8,0,150740
UNITED KINGDOM,2024,Oct,10/1/2024,2,2,0,19922.2
US VIRGIN ISLANDS,2024,Oct,10/1/2024,30,0,30,65105938
USA,2024,Oct,10/1/2024,1274,1188,379,149364732.8
VIETNAM,2024,Oct,10/1/2024,20,55,0,799206.16
ARGENTINA,2024,Nov,11/1/2024,4,7,0,173400
BANGLADESH,2024,Nov,11/1/2024,1,4,0,85140
BELGIUM,2024,Nov,11/1/2024,36,119,0,2872574.65
BRAZIL,2024,Nov,11/1/2024,113,267,0,6910184.95
CANADA,2024,Nov,11/1/2024,40,38,2,31173824
CHILE,2024,Nov,11/1/2024,4,34,0,664675.01
CHINA,2024,Nov,11/1/2024,1015,1685,6,32332255.81
COLOMBIA,2024,Nov,11/1/2024,43,503,0,12477043.19
COSTA RICA,2024,Nov,11/1/2024,10,26,0,417467.04
CROATIA,2024,Nov,11/1/2024,1,1,0,13958.98
CYPRUS,2024,Nov,11/1/2024,1,1,0,22220
DENMARK,2024,Nov,11/1/2024,4,4,0,84706
DOMINICAN REPUBLIC,2024,Nov,11/1/2024,72,132,7,7363774.27
ECUADOR,2024,Nov,11/1/2024,1,1,0,4812
EGYPT,2024,Nov,11/1/2024,14,41,0,1097229.4
EL SALVADOR,2024,Nov,11/1/2024,1,3,0,11188.8
ESTONIA,2024,Nov,11/1/2024,2,2,0,54080
FINLAND,2024,Nov,11/1/2024,1,1,0,24024
FRANCE,2024,Nov,11/1/2024,103,153,0,2852483.4
GERMANY,2024,Nov,11/1/2024,20,22,0,467598.73
GUADELOUPE,2024,Nov,11/1/2024,1,1,0,25000
GUATEMALA,2024,Nov,11/1/2024,14,75,0,1842071.22
GUYANA,2024,Nov,11/1/2024,6,60,0,1524275
HAITI,2024,Nov,11/1/2024,6,6,0,69658.87
HONDURAS,2024,Nov,11/1/2024,9,154,0,3842397.28
INDIA,2024,Nov,11/1/2024,113,426,0,9635676.41
INDONESIA,2024,Nov,11/1/2024,48,212,12,15051897.16
IRELAND,2024,Nov,11/1/2024,1,1,0,26720
ISRAEL,2024,Nov,11/1/2024,1,1,0,28300
ITALY,2024,Nov,11/1/2024,17,20,0,367568.78
IVORY COAST,2024,Nov,11/1/2024,4,8,0,204773
JAMAICA,2024,Nov,11/1/2024,4,13,0,113202.56
JAPAN,2024,Nov,11/1/2024,3,6,0,71420
JORDAN,2024,Nov,11/1/2024,1,3,0,23067
KENYA,2024,Nov,11/1/2024,1,2,0,16070
LEBANON,2024,Nov,11/1/2024,1,1,0,10400
MALAYSIA,2024,Nov,11/1/2024,17,48,0,1121460.17
MEXICO,2024,Nov,11/1/2024,21,38,0,642134.92
MOROCCO,2024,Nov,11/1/2024,4,7,0,193364.79
NETHERLANDS,2024,Nov,11/1/2024,51,243,0,5317519.96
NETHERLANDS ANTILLES,2024,Nov,11/1/2024,2,2,0,30590
NICARAGUA,2024,Nov,11/1/2024,11,10,10,10529567.8
NORWAY,2024,Nov,11/1/2024,3,3,0,81209
PAKISTAN,2024,Nov,11/1/2024,23,102,19,26873668.4
PANAMA,2024,Nov,11/1/2024,42,45,1,4167554.13
PERU,2024,Nov,11/1/2024,86,450,0,9934319.48
POLAND,2024,Nov,11/1/2024,13,18,0,484899.38
PUERTO RICO,2024,Nov,11/1/2024,1,1,0,6378
SENEGAL,2024,Nov,11/1/2024,2,8,0,225017
SOUTH AFRICA,2024,Nov,11/1/2024,2,2,0,50130
SOUTH KOREA,2024,Nov,11/1/2024,31,39,0,771792.02
SPAIN,2024,Nov,11/1/2024,34,115,0,1728480.36
SWEDEN,2024,Nov,11/1/2024,5,5,0,120113
TAIWAN,2024,Nov,11/1/2024,11,130,0,2582417.08
THAILAND,2024,Nov,11/1/2024,7,22,0,112970.83
TRINIDAD AND TOBAGO,2024,Nov,11/1/2024,3,5,0,83518
TURKEY,2024,Nov,11/1/2024,39,88,2,28236360.88
UNITED ARAB EMIRATES,2024,Nov,11/1/2024,15,27,0,503645.31
UNITED KINGDOM,2024,Nov,11/1/2024,11,14,0,228223
URUGUAY,2024,Nov,11/1/2024,1,1,0,12588.82
US VIRGIN ISLANDS,2024,Nov,11/1/2024,4,0,4,10436947
USA,2024,Nov,11/1/2024,1043,1284,93,77511382.96
VIETNAM,2024,Nov,11/1/2024,36,41,13,57730075.68
ARGENTINA,2024,Dec,12/1/2024,2,6,0,146380
BANGLADESH,2024,Dec,12/1/2024,1,1,0,21285
BELGIUM,2024,Dec,12/1/2024,33,88,0,1947343.57
BRAZIL,2024,Dec,12/1/2024,383,580,3,18471985.3
CANADA,2024,Dec,12/1/2024,67,72,4,30608840
CHILE,2024,Dec,12/1/2024,6,6,0,103240
CHINA,2024,Dec,12/1/2024,597,1043,9,19607787.65
COLOMBIA,2024,Dec,12/1/2024,71,369,0,8988199.63
COSTA RICA,2024,Dec,12/1/2024,5,50,0,868551.96
DENMARK,2024,Dec,12/1/2024,1,1,0,19995
DOMINICAN REPUBLIC,2024,Dec,12/1/2024,88,122,9,7211909.22
ECUADOR,2024,Dec,12/1/2024,1,1,0,24710
EGYPT,2024,Dec,12/1/2024,5,5,0,109586.7
FRANCE,2024,Dec,12/1/2024,87,89,0,1898977.15
GERMANY,2024,Dec,12/1/2024,5,5,0,101098.06
GUATEMALA,2024,Dec,12/1/2024,14,104,0,2620604.41
GUYANA,2024,Dec,12/1/2024,6,46,0,1167075
HONDURAS,2024,Dec,12/1/2024,8,91,0,2283765.52
INDIA,2024,Dec,12/1/2024,222,422,0,9643884.88
INDONESIA,2024,Dec,12/1/2024,48,275,0,6707872.09
IRELAND,2024,Dec,12/1/2024,2,2,0,45072
ISRAEL,2024,Dec,12/1/2024,1,1,0,28300
ITALY,2024,Dec,12/1/2024,8,10,0,117805
IVORY COAST,2024,Dec,12/1/2024,3,3,0,56590
JAMAICA,2024,Dec,12/1/2024,3,0,3,45673
JAPAN,2024,Dec,12/1/2024,3,7,0,49342
LEBANON,2024,Dec,12/1/2024,1,1,0,20138
MALAYSIA,2024,Dec,12/1/2024,24,57,0,1245159.49
MEXICO,2024,Dec,12/1/2024,23,33,1,661052.17
MOROCCO,2024,Dec,12/1/2024,2,2,0,57400
NETHERLANDS,2024,Dec,12/1/2024,26,50,0,1065079.47
NICARAGUA,2024,Dec,12/1/2024,7,0,7,7017080
NORWAY,2024,Dec,12/1/2024,1,1,0,26988
PAKISTAN,2024,Dec,12/1/2024,9,8,3,11211735.4
PANAMA,2024,Dec,12/1/2024,55,60,2,7492349.95
PARAGUAY,2024,Dec,12/1/2024,2,2,0,58130
PERU,2024,Dec,12/1/2024,62,248,0,5464980
POLAND,2024,Dec,12/1/2024,11,13,0,358644
SAUDI ARABIA,2024,Dec,12/1/2024,1,1,0,17280
SENEGAL,2024,Dec,12/1/2024,2,6,0,133948.5
SINGAPORE,2024,Dec,12/1/2024,1,1,0,2806
SOUTH AFRICA,2024,Dec,12/1/2024,4,4,0,87048
SOUTH KOREA,2024,Dec,12/1/2024,18,25,0,448725.36
SPAIN,2024,Dec,12/1/2024,25,51,0,1038977.41
SWEDEN,2024,Dec,12/1/2024,2,2,0,55634
TAIWAN,2024,Dec,12/1/2024,8,93,0,1834982
THAILAND,2024,Dec,12/1/2024,9,30,0,676698.27
TRINIDAD AND TOBAGO,2024,Dec,12/1/2024,12,85,0,1311468.04
TURKEY,2024,Dec,12/1/2024,15,11,6,68155306
UKRAINE,2024,Dec,12/1/2024,5,7,0,194365.5
UNITED ARAB EMIRATES,2024,Dec,12/1/2024,13,18,0,2823318
UNITED KINGDOM,2024,Dec,12/1/2024,4,4,0,67370.7
US VIRGIN ISLANDS,2024,Dec,12/1/2024,18,0,18,57026638
USA,2024,Dec,12/1/2024,1053,926,361,232200941.4
VIETNAM,2024,Dec,12/1/2024,39,84,0,1842344.46
ARGENTINA,2025,Jan,1/1/2025,8,19,0,493337.12
BANGLADESH,2025,Jan,1/1/2025,1,1,0,21285
BELGIUM,2025,Jan,1/1/2025,23,56,0,1350336.91
BRAZIL,2025,Jan,1/1/2025,200,432,12,21646621.47
BULGARIA,2025,Jan,1/1/2025,1,1,0,18223.04
CANADA,2025,Jan,1/1/2025,41,41,0,610769.44
CHILE,2025,Jan,1/1/2025,1,1,0,7000
CHINA,2025,Jan,1/1/2025,686,1151,1,23159706.86
COLOMBIA,2025,Jan,1/1/2025,71,480,0,11849996.8
COSTA RICA,2025,Jan,1/1/2025,13,58,1,1038610.36
CROATIA,2025,Jan,1/1/2025,2,2,0,49194.14
DENMARK,2025,Jan,1/1/2025,4,4,0,79717
DOMINICAN REPUBLIC,2025,Jan,1/1/2025,44,99,7,10731745.87
EGYPT,2025,Jan,1/1/2025,13,14,0,374145.5
FINLAND,2025,Jan,1/1/2025,1,1,0,25586.49
FRANCE,2025,Jan,1/1/2025,43,54,0,1156692.32
GERMANY,2025,Jan,1/1/2025,6,7,0,179643.8
GUADELOUPE,2025,Jan,1/1/2025,1,1,0,16670
GUATEMALA,2025,Jan,1/1/2025,15,80,0,1984805.36
GUYANA,2025,Jan,1/1/2025,3,26,0,651300
INDIA,2025,Jan,1/1/2025,197,466,0,11015638.13
INDONESIA,2025,Jan,1/1/2025,60,182,12,14443758.69
IRELAND,2025,Jan,1/1/2025,2,2,0,53440
ISRAEL,2025,Jan,1/1/2025,0,0,0,0
ITALY,2025,Jan,1/1/2025,7,10,0,205940
JAMAICA,2025,Jan,1/1/2025,4,8,0,62334.99
JAPAN,2025,Jan,1/1/2025,6,24,0,354572.04
LEBANON,2025,Jan,1/1/2025,1,1,0,12530
MALAYSIA,2025,Jan,1/1/2025,30,52,12,9733197.35
MEXICO,2025,Jan,1/1/2025,20,34,0,597749.05
MOROCCO,2025,Jan,1/1/2025,5,13,0,369277.94
NETHERLANDS,2025,Jan,1/1/2025,32,61,0,1286250.77
NORWAY,2025,Jan,1/1/2025,4,4,0,107952
PAKISTAN,2025,Jan,1/1/2025,1,0,1,11059950
PANAMA,2025,Jan,1/1/2025,26,35,0,481103.02
PERU,2025,Jan,1/1/2025,38,180,0,3853948.77
PHILIPPINES,2025,Jan,1/1/2025,1,3,0,63409.5
POLAND,2025,Jan,1/1/2025,11,12,0,336344
PORTUGAL,2025,Jan,1/1/2025,2,4,0,99771.98
PUERTO RICO,2025,Jan,1/1/2025,1,1,0,5162
SENEGAL,2025,Jan,1/1/2025,2,3,0,84034
SINGAPORE,2025,Jan,1/1/2025,1,2,0,51527.8
SOUTH AFRICA,2025,Jan,1/1/2025,1,1,0,26440
SOUTH KOREA,2025,Jan,1/1/2025,16,22,0,426098.12
SPAIN,2025,Jan,1/1/2025,22,48,0,821608.73
SWEDEN,2025,Jan,1/1/2025,4,4,0,110793
TAIWAN,2025,Jan,1/1/2025,10,50,0,971350.87
THAILAND,2025,Jan,1/1/2025,3,7,0,155624
TRINIDAD AND TOBAGO,2025,Jan,1/1/2025,6,28,0,461480
TURKEY,2025,Jan,1/1/2025,19,27,2,32708048.24
UNITED ARAB EMIRATES,2025,Jan,1/1/2025,8,11,0,234533.93
URUGUAY,2025,Jan,1/1/2025,2,2,0,50450
US VIRGIN ISLANDS,2025,Jan,1/1/2025,13,10,12,35636459.8
USA,2025,Jan,1/1/2025,1599,1167,731,110925982
VENEZUELA,2025,Jan,1/1/2025,1,1,0,1485
VIETNAM,2025,Jan,1/1/2025,14,17,0,384413.56
ARGENTINA,2025,Feb,2/1/2025,4,7,0,170831
AUSTRALIA,2025,Feb,2/1/2025,1,1,0,4017
BELGIUM,2025,Feb,2/1/2025,29,138,0,3526760.57
BRAZIL,2025,Feb,2/1/2025,145,248,0,6438108.27
CANADA,2025,Feb,2/1/2025,32,50,0,749565.86
CHILE,2025,Feb,2/1/2025,4,4,0,66905.34
CHINA,2025,Feb,2/1/2025,538,879,0,17023453.33
COLOMBIA,2025,Feb,2/1/2025,36,194,0,4728554.45
COSTA RICA,2025,Feb,2/1/2025,10,48,0,1004281.92
DENMARK,2025,Feb,2/1/2025,1,1,0,17120
DOMINICAN REPUBLIC,2025,Feb,2/1/2025,57,91,11,17317811.17
EGYPT,2025,Feb,2/1/2025,17,31,0,716005.93
ESTONIA,2025,Feb,2/1/2025,1,1,0,27040
FRANCE,2025,Feb,2/1/2025,51,71,0,1350002.36
GERMANY,2025,Feb,2/1/2025,4,6,0,135337.84
GHANA,2025,Feb,2/1/2025,2,2,0,30188
GUATEMALA,2025,Feb,2/1/2025,12,48,0,951148.73
HONDURAS,2025,Feb,2/1/2025,5,81,0,2067200
INDIA,2025,Feb,2/1/2025,61,162,0,3933820.3
INDONESIA,2025,Feb,2/1/2025,23,116,0,2834163.94
ITALY,2025,Feb,2/1/2025,2,12,0,217890.2
IVORY COAST,2025,Feb,2/1/2025,1,1,0,18880
JAMAICA,2025,Feb,2/1/2025,5,5,0,78853.34
JAPAN,2025,Feb,2/1/2025,2,2,0,21265
MALAYSIA,2025,Feb,2/1/2025,6,15,0,350530.96
MEXICO,2025,Feb,2/1/2025,14,28,0,493716.5
MOROCCO,2025,Feb,2/1/2025,2,5,0,134518
NETHERLANDS,2025,Feb,2/1/2025,17,64,0,1501355.69
NORWAY,2025,Feb,2/1/2025,2,2,0,53976
PANAMA,2025,Feb,2/1/2025,40,44,1,3643759.33
PERU,2025,Feb,2/1/2025,35,193,0,4277845
PHILIPPINES,2025,Feb,2/1/2025,1,1,0,6100
POLAND,2025,Feb,2/1/2025,4,4,0,116060
ROMANIA,2025,Feb,2/1/2025,1,1,0,26000
SAUDI ARABIA,2025,Feb,2/1/2025,2,2,0,40344
SINGAPORE,2025,Feb,2/1/2025,1,1,0,16200
SOUTH KOREA,2025,Feb,2/1/2025,11,20,0,337999.1
SPAIN,2025,Feb,2/1/2025,8,10,0,178093.75
SWEDEN,2025,Feb,2/1/2025,1,1,0,27817
TAIWAN,2025,Feb,2/1/2025,2,35,0,704814.02
THAILAND,2025,Feb,2/1/2025,5,5,0,69209.4
TRINIDAD AND TOBAGO,2025,Feb,2/1/2025,4,8,0,155412
TURKEY,2025,Feb,2/1/2025,3,13,0,250045
UKRAINE,2025,Feb,2/1/2025,3,13,0,343081.47
UNITED ARAB EMIRATES,2025,Feb,2/1/2025,4,7,0,87035.49
US VIRGIN ISLANDS,2025,Feb,2/1/2025,19,0,19,57294485
USA,2025,Feb,2/1/2025,758,912,72,121139430.6
VIETNAM,2025,Feb,2/1/2025,11,18,0,393308.51
ARGENTINA,2025,Mar,3/1/2025,2,7,0,149924.4
BANGLADESH,2025,Mar,3/1/2025,1,3,0,63855
BELGIUM,2025,Mar,3/1/2025,22,34,0,834437.41
BRAZIL,2025,Mar,3/1/2025,89,113,0,3126530.58
CANADA,2025,Mar,3/1/2025,25,26,0,343111.75
CHILE,2025,Mar,3/1/2025,3,3,0,78094.7
CHINA,2025,Mar,3/1/2025,627,1184,2,28001968.09
COLOMBIA,2025,Mar,3/1/2025,36,108,0,2355162.71
COSTA RICA,2025,Mar,3/1/2025,9,31,0,542295.4
DENMARK,2025,Mar,3/1/2025,1,4,0,15280
DOMINICAN REPUBLIC,2025,Mar,3/1/2025,52,76,7,26441012.38
ECUADOR,2025,Mar,3/1/2025,4,4,0,51349.8
EGYPT,2025,Mar,3/1/2025,1,3,0,64521.99
FRANCE,2025,Mar,3/1/2025,30,55,0,1013317.51
GERMANY,2025,Mar,3/1/2025,4,7,0,49154.25
GHANA,2025,Mar,3/1/2025,1,1,0,24077
GUATEMALA,2025,Mar,3/1/2025,17,62,8,7324438.4
HONDURAS,2025,Mar,3/1/2025,46,103,0,2294309.19
INDIA,2025,Mar,3/1/2025,109,225,0,5202447.29
INDONESIA,2025,Mar,3/1/2025,16,95,0,2444943.84
IRELAND,2025,Mar,3/1/2025,1,1,0,26720
ITALY,2025,Mar,3/1/2025,3,6,0,50195.05
IVORY COAST,2025,Mar,3/1/2025,3,3,0,52396
JAMAICA,2025,Mar,3/1/2025,5,5,0,55613.39
JAPAN,2025,Mar,3/1/2025,4,5,0,49381.1
JORDAN,2025,Mar,3/1/2025,1,5,0,137240
LEBANON,2025,Mar,3/1/2025,2,2,0,38700
MALAYSIA,2025,Mar,3/1/2025,7,17,0,395413.4
MEXICO,2025,Mar,3/1/2025,20,43,0,749007.82
MOROCCO,2025,Mar,3/1/2025,1,1,0,7636
NETHERLANDS,2025,Mar,3/1/2025,25,136,0,2708668.51
NORWAY,2025,Mar,3/1/2025,2,2,0,53976
PAKISTAN,2025,Mar,3/1/2025,14,2,13,15134874
PANAMA,2025,Mar,3/1/2025,25,40,1,8243453.07
PERU,2025,Mar,3/1/2025,55,217,0,4756624.17
PHILIPPINES,2025,Mar,3/1/2025,1,3,0,63409.5
POLAND,2025,Mar,3/1/2025,10,11,0,295985
PUERTO RICO,2025,Mar,3/1/2025,2,2,0,28503
SENEGAL,2025,Mar,3/1/2025,3,8,0,224729.01
SINGAPORE,2025,Mar,3/1/2025,1,3,0,48750.6
SOUTH AFRICA,2025,Mar,3/1/2025,1,1,0,5985
SOUTH KOREA,2025,Mar,3/1/2025,14,26,0,495000.03
SPAIN,2025,Mar,3/1/2025,22,42,0,786132.79
TAIWAN,2025,Mar,3/1/2025,5,5,0,107410.94
THAILAND,2025,Mar,3/1/2025,1,1,0,9582
TURKEY,2025,Mar,3/1/2025,30,45,9,64668493.25
UNITED ARAB EMIRATES,2025,Mar,3/1/2025,6,8,0,192151.59
UNITED KINGDOM,2025,Mar,3/1/2025,2,2,0,15994.37
US VIRGIN ISLANDS,2025,Mar,3/1/2025,9,0,9,32696317
USA,2025,Mar,3/1/2025,1133,1188,290,71239763.66
VIETNAM,2025,Mar,3/1/2025,25,38,0,820465.54
ARGENTINA,2025,Apr,4/1/2025,3,13,0,318900.9
BARBADOS,2025,Apr,4/1/2025,1,0,1,3005103
BELGIUM,2025,Apr,4/1/2025,20,58,0,1299966.62
BRAZIL,2025,Apr,4/1/2025,147,259,0,6726915.27
CANADA,2025,Apr,4/1/2025,21,21,0,295071
CHILE,2025,Apr,4/1/2025,6,6,0,129712.8
CHINA,2025,Apr,4/1/2025,395,765,0,15382515.05
COLOMBIA,2025,Apr,4/1/2025,51,231,0,5661429.02
COSTA RICA,2025,Apr,4/1/2025,2,2,0,19409
DENMARK,2025,Apr,4/1/2025,3,3,0,85695
DOMINICAN REPUBLIC,2025,Apr,4/1/2025,209,265,31,15078533
EGYPT,2025,Apr,4/1/2025,14,7,8,41648591.5
EL SALVADOR,2025,Apr,4/1/2025,3,0,3,5000000
FRANCE,2025,Apr,4/1/2025,77,105,0,2142603.7
GERMANY,2025,Apr,4/1/2025,2,4,0,46187.74
GUADELOUPE,2025,Apr,4/1/2025,1,1,0,20000
GUATEMALA,2025,Apr,4/1/2025,23,52,8,9208623.57
HAITI,2025,Apr,4/1/2025,1,17,0,0
HONDURAS,2025,Apr,4/1/2025,14,71,0,1664554.38
INDIA,2025,Apr,4/1/2025,65,181,0,4324877.25
INDONESIA,2025,Apr,4/1/2025,36,233,0,5823979.97
IRELAND,2025,Apr,4/1/2025,4,5,0,129416
ITALY,2025,Apr,4/1/2025,10,13,0,148038
JAMAICA,2025,Apr,4/1/2025,4,7,0,128319
JAPAN,2025,Apr,4/1/2025,1,1,0,2430
KENYA,2025,Apr,4/1/2025,1,1,0,1760
LEBANON,2025,Apr,4/1/2025,1,1,0,10905
MALAYSIA,2025,Apr,4/1/2025,8,15,0,308691.83
MEXICO,2025,Apr,4/1/2025,12,23,0,487973.4
MOROCCO,2025,Apr,4/1/2025,1,1,0,24101.7
NETHERLANDS,2025,Apr,4/1/2025,22,107,0,2175842.79
NICARAGUA,2025,Apr,4/1/2025,7,0,7,6022524
NORWAY,2025,Apr,4/1/2025,2,2,0,53976
PAKISTAN,2025,Apr,4/1/2025,15,4,12,27217335.24
PANAMA,2025,Apr,4/1/2025,35,39,1,3637326.66
PERU,2025,Apr,4/1/2025,38,181,0,4148625.06
POLAND,2025,Apr,4/1/2025,8,10,0,199456.66
PORTUGAL,2025,Apr,4/1/2025,1,3,0,81900
PUERTO RICO,2025,Apr,4/1/2025,1,1,0,5639
SENEGAL,2025,Apr,4/1/2025,1,1,0,28160
SINGAPORE,2025,Apr,4/1/2025,2,4,0,82770.47
SOUTH KOREA,2025,Apr,4/1/2025,12,20,0,364031.74
SPAIN,2025,Apr,4/1/2025,16,22,0,351354.27
SRI LANKA,2025,Apr,4/1/2025,2,20,0,521664
SWEDEN,2025,Apr,4/1/2025,3,3,0,82501
TAIWAN,2025,Apr,4/1/2025,12,45,0,818982.67
THAILAND,2025,Apr,4/1/2025,3,3,0,31816
TRINIDAD AND TOBAGO,2025,Apr,4/1/2025,5,9,0,137330
TURKEY,2025,Apr,4/1/2025,19,43,7,8740357.54
UKRAINE,2025,Apr,4/1/2025,2,2,0,55533
UNITED ARAB EMIRATES,2025,Apr,4/1/2025,10,18,0,364976.52
UNITED KINGDOM,2025,Apr,4/1/2025,1,1,0,7957
URUGUAY,2025,Apr,4/1/2025,1,1,0,13165.56
US VIRGIN ISLANDS,2025,Apr,4/1/2025,17,0,17,36096970
USA,2025,Apr,4/1/2025,1692,1323,754,100495926.6
VENEZUELA,2025,Apr,4/1/2025,1,5,0,82340
VIETNAM,2025,Apr,4/1/2025,16,69,0,1650073.51
ARGENTINA,2025,May,5/1/2025,2,17,0,436230
BELGIUM,2025,May,5/1/2025,17,26,0,502185.45
BRAZIL,2025,May,5/1/2025,60,105,0,2727270.14
CANADA,2025,May,5/1/2025,42,43,0,638058.43
CHILE,2025,May,5/1/2025,5,5,0,70509.6
CHINA,2025,May,5/1/2025,480,935,0,17985377.2
COLOMBIA,2025,May,5/1/2025,27,176,0,4282889.22
COSTA RICA,2025,May,5/1/2025,5,16,0,320492.75
DENMARK,2025,May,5/1/2025,2,2,0,17120
DOMINICAN REPUBLIC,2025,May,5/1/2025,103,147,9,15917278.94
ECUADOR,2025,May,5/1/2025,5,5,0,39739.91
EGYPT,2025,May,5/1/2025,15,21,11,70626544.14
EL SALVADOR,2025,May,5/1/2025,1,0,1,2000000
FRANCE,2025,May,5/1/2025,55,85,0,1663978.39
GERMANY,2025,May,5/1/2025,4,9,0,102754.02
GUATEMALA,2025,May,5/1/2025,3,13,0,339933
HAITI,2025,May,5/1/2025,1,52,0,0
HONDURAS,2025,May,5/1/2025,10,67,0,1627366.76
INDIA,2025,May,5/1/2025,116,305,0,7409391.42
INDONESIA,2025,May,5/1/2025,35,163,11,13382264.24
IRELAND,2025,May,5/1/2025,3,4,0,106801
ITALY,2025,May,5/1/2025,3,4,0,35212
IVORY COAST,2025,May,5/1/2025,1,1,0,16822
JAMAICA,2025,May,5/1/2025,2,2,0,17364
JAPAN,2025,May,5/1/2025,2,7,0,35114
KENYA,2025,May,5/1/2025,2,3,0,17592.9
MALAYSIA,2025,May,5/1/2025,4,6,0,115480.9
MEXICO,2025,May,5/1/2025,12,12,0,164326.13
MOROCCO,2025,May,5/1/2025,3,3,0,81862
NETHERLANDS,2025,May,5/1/2025,30,41,0,909513.94
NORWAY,2025,May,5/1/2025,2,2,0,56568
PAKISTAN,2025,May,5/1/2025,13,91,0,2299810.77
PANAMA,2025,May,5/1/2025,34,62,2,7797765.7
PERU,2025,May,5/1/2025,27,118,0,2715509.94
POLAND,2025,May,5/1/2025,6,6,0,153007
PORTUGAL,2025,May,5/1/2025,1,2,0,54600
PUERTO RICO,2025,May,5/1/2025,1,1,0,12700.71
SENEGAL,2025,May,5/1/2025,2,3,0,84345
SINGAPORE,2025,May,5/1/2025,2,4,0,91787.47
SOUTH KOREA,2025,May,5/1/2025,7,14,0,263961.75
SPAIN,2025,May,5/1/2025,14,26,0,484749.66
SWEDEN,2025,May,5/1/2025,2,2,0,54684
TAIWAN,2025,May,5/1/2025,5,30,0,560801.41
THAILAND,2025,May,5/1/2025,1,1,0,27856.8
TRINIDAD AND TOBAGO,2025,May,5/1/2025,3,6,0,107065
TURKEY,2025,May,5/1/2025,17,20,4,54076621.22
UKRAINE,2025,May,5/1/2025,2,2,0,55533
UNITED ARAB EMIRATES,2025,May,5/1/2025,4,5,0,71320
UNITED KINGDOM,2025,May,5/1/2025,2,2,0,42621
US VIRGIN ISLANDS,2025,May,5/1/2025,20,0,20,64834939
USA,2025,May,5/1/2025,1028,1178,198,108883472
VENEZUELA,2025,May,5/1/2025,0,0,0,0
VIETNAM,2025,May,5/1/2025,20,59,0,1082675.4
ARGENTINA,2025,Jun,6/1/2025,4,16,0,414641.29
AUSTRALIA,2025,Jun,6/1/2025,1,1,0,4404
BELGIUM,2025,Jun,6/1/2025,32,53,0,1390703.03
BRAZIL,2025,Jun,6/1/2025,67,144,0,3690272.3
BULGARIA,2025,Jun,6/1/2025,1,3,0,55275.99
CANADA,2025,Jun,6/1/2025,47,54,0,825345.67
CHILE,2025,Jun,6/1/2025,8,9,0,216427.08
CHINA,2025,Jun,6/1/2025,930,1793,0,35453947.82
COLOMBIA,2025,Jun,6/1/2025,64,180,0,3836743.25
COSTA RICA,2025,Jun,6/1/2025,5,15,0,296537.63
DENMARK,2025,Jun,6/1/2025,1,2,0,27290
DOMINICAN REPUBLIC,2025,Jun,6/1/2025,185,272,9,24601998.06
ECUADOR,2025,Jun,6/1/2025,1,2,0,36516
EGYPT,2025,Jun,6/1/2025,17,18,10,50159663.58
EL SALVADOR,2025,Jun,6/1/2025,1,0,1,7200000
FINLAND,2025,Jun,6/1/2025,1,1,0,17790
FRANCE,2025,Jun,6/1/2025,64,84,0,1547038.45
GERMANY,2025,Jun,6/1/2025,12,14,0,240395.46
GUADELOUPE,2025,Jun,6/1/2025,2,2,0,30833
GUATEMALA,2025,Jun,6/1/2025,17,100,0,2500404.04
HAITI,2025,Jun,6/1/2025,4,19,0,433206.01
HONDURAS,2025,Jun,6/1/2025,8,87,0,2141706.81
INDIA,2025,Jun,6/1/2025,87,281,0,6852046.2
INDONESIA,2025,Jun,6/1/2025,52,196,12,13870237.76
IRELAND,2025,Jun,6/1/2025,4,5,0,114161
ITALY,2025,Jun,6/1/2025,4,4,0,32552.55
IVORY COAST,2025,Jun,6/1/2025,5,15,0,353539.01
JAMAICA,2025,Jun,6/1/2025,1,1,0,18800
JAPAN,2025,Jun,6/1/2025,5,16,0,115259
LEBANON,2025,Jun,6/1/2025,2,2,0,40580
MALAYSIA,2025,Jun,6/1/2025,14,16,0,272836.06
MEXICO,2025,Jun,6/1/2025,25,40,0,698672.22
MOROCCO,2025,Jun,6/1/2025,4,4,0,87124.8
NETHERLANDS,2025,Jun,6/1/2025,68,208,0,4230297.94
NICARAGUA,2025,Jun,6/1/2025,3,8,0,212572.4
NORWAY,2025,Jun,6/1/2025,3,3,0,80786.9
PAKISTAN,2025,Jun,6/1/2025,2,2,0,32126.52
PANAMA,2025,Jun,6/1/2025,49,63,1,7977589.13
PERU,2025,Jun,6/1/2025,42,207,0,4611970.99
POLAND,2025,Jun,6/1/2025,6,8,0,203561
PORTUGAL,2025,Jun,6/1/2025,1,1,0,10608.1
PUERTO RICO,2025,Jun,6/1/2025,5,42,0,816590.53
SAUDI ARABIA,2025,Jun,6/1/2025,2,6,0,124000
SENEGAL,2025,Jun,6/1/2025,2,5,0,140405
SOUTH AFRICA,2025,Jun,6/1/2025,4,4,0,101063.11
SOUTH KOREA,2025,Jun,6/1/2025,9,15,0,306785.84
SPAIN,2025,Jun,6/1/2025,23,82,0,1858532.83
SWEDEN,2025,Jun,6/1/2025,4,4,0,68723
TAIWAN,2025,Jun,6/1/2025,10,102,0,1806890.21
THAILAND,2025,Jun,6/1/2025,8,18,0,118047
TRINIDAD AND TOBAGO,2025,Jun,6/1/2025,5,6,0,111000
TURKEY,2025,Jun,6/1/2025,15,30,3,52040993.45
UKRAINE,2025,Jun,6/1/2025,2,2,0,55533
UNITED ARAB EMIRATES,2025,Jun,6/1/2025,9,10,0,193971
UNITED KINGDOM,2025,Jun,6/1/2025,7,19,0,125279.58
URUGUAY,2025,Jun,6/1/2025,1,1,0,1195.5
US VIRGIN ISLANDS,2025,Jun,6/1/2025,12,0,12,33577921
USA,2025,Jun,6/1/2025,1000,1204,166,76835075.41
VENEZUELA,2025,Jun,6/1/2025,1,1,0,16460
VIETNAM,2025,Jun,6/1/2025,32,102,0,2305303.69
ARGENTINA,2025,Jul,7/1/2025,3,8,0,175580.45
BELGIUM,2025,Jul,7/1/2025,5,16,0,419755
BRAZIL,2025,Jul,7/1/2025,135,286,0,7322753.42
CANADA,2025,Jul,7/1/2025,42,43,0,573411.58
CHILE,2025,Jul,7/1/2025,4,8,0,207214
CHINA,2025,Jul,7/1/2025,534,946,0,18959530.12
COLOMBIA,2025,Jul,7/1/2025,57,154,1,3409817.22
COSTA RICA,2025,Jul,7/1/2025,2,5,0,45098.4
DOMINICAN REPUBLIC,2025,Jul,7/1/2025,206,263,23,64182347.79
ECUADOR,2025,Jul,7/1/2025,2,5,0,92920.99
EGYPT,2025,Jul,7/1/2025,4,0,4,40647336
FRANCE,2025,Jul,7/1/2025,61,71,0,1371178.84
GERMANY,2025,Jul,7/1/2025,6,6,0,157543
GUADELOUPE,2025,Jul,7/1/2025,1,1,0,15000
GUATEMALA,2025,Jul,7/1/2025,4,33,0,794381.66
HAITI,2025,Jul,7/1/2025,7,26,0,399626.34
HONDURAS,2025,Jul,7/1/2025,16,144,0,3525394.52
INDIA,2025,Jul,7/1/2025,58,138,0,3385666.5
INDONESIA,2025,Jul,7/1/2025,20,89,0,2270696.2
IRELAND,2025,Jul,7/1/2025,3,3,0,72223
ITALY,2025,Jul,7/1/2025,2,5,0,51721
IVORY COAST,2025,Jul,7/1/2025,2,3,0,59303
JAMAICA,2025,Jul,7/1/2025,12,3,10,272110
JAPAN,2025,Jul,7/1/2025,2,4,0,10058
LATVIA,2025,Jul,7/1/2025,1,1,0,12450
MALAYSIA,2025,Jul,7/1/2025,12,48,0,1182494.07
MEXICO,2025,Jul,7/1/2025,26,45,0,787852.54
NETHERLANDS,2025,Jul,7/1/2025,18,73,0,1465284.07
NORWAY,2025,Jul,7/1/2025,1,1,0,26988
PANAMA,2025,Jul,7/1/2025,49,48,1,8235744.14
PERU,2025,Jul,7/1/2025,41,177,0,4009414.05
POLAND,2025,Jul,7/1/2025,1,5,0,121925
PORTUGAL,2025,Jul,7/1/2025,1,1,0,4660
PUERTO RICO,2025,Jul,7/1/2025,2,2,0,22390.6
SAINT LUCIA,2025,Jul,7/1/2025,1,1,0,2766
SOUTH KOREA,2025,Jul,7/1/2025,7,12,0,225867.52
SPAIN,2025,Jul,7/1/2025,9,12,0,162730.26
TAIWAN,2025,Jul,7/1/2025,5,119,0,2164639
THAILAND,2025,Jul,7/1/2025,4,4,0,40535
TRINIDAD AND TOBAGO,2025,Jul,7/1/2025,7,14,0,184791.01
TURKEY,2025,Jul,7/1/2025,13,13,8,63077483.78
UNITED ARAB EMIRATES,2025,Jul,7/1/2025,11,13,0,209986.02
UNITED KINGDOM,2025,Jul,7/1/2025,1,4,0,22020
US VIRGIN ISLANDS,2025,Jul,7/1/2025,19,0,19,50478190
USA,2025,Jul,7/1/2025,1455,1344,381,79946410.42
VIETNAM,2025,Jul,7/1/2025,5,7,0,132692.49
BELGIUM,2025,Aug,8/1/2025,36,80,0,1837454.06
BRAZIL,2025,Aug,8/1/2025,175,297,0,7426243.47
CANADA,2025,Aug,8/1/2025,41,50,0,623850.65
CHILE,2025,Aug,8/1/2025,10,19,0,444179.95
CHINA,2025,Aug,8/1/2025,1127,1698,5,33184887.68
COLOMBIA,2025,Aug,8/1/2025,133,240,0,5552838.9
COSTA RICA,2025,Aug,8/1/2025,4,11,0,123766.76
DOMINICAN REPUBLIC,2025,Aug,8/1/2025,209,289,7,24513551.33
ECUADOR,2025,Aug,8/1/2025,4,8,0,156797.52
EGYPT,2025,Aug,8/1/2025,16,49,3,40440915.03
EL SALVADOR,2025,Aug,8/1/2025,10,40,0,1063455.6
FRANCE,2025,Aug,8/1/2025,77,79,0,1572059.02
GERMANY,2025,Aug,8/1/2025,10,13,0,255393.5
GHANA,2025,Aug,8/1/2025,1,2,0,29540
GUATEMALA,2025,Aug,8/1/2025,19,147,0,3686167.49
HAITI,2025,Aug,8/1/2025,6,32,0,676423.03
HONDURAS,2025,Aug,8/1/2025,10,134,0,3312655.64
INDIA,2025,Aug,8/1/2025,154,417,0,9675475.95
INDONESIA,2025,Aug,8/1/2025,43,129,16,14927434.34
IRELAND,2025,Aug,8/1/2025,1,1,0,26250
ITALY,2025,Aug,8/1/2025,10,12,0,142605.4
IVORY COAST,2025,Aug,8/1/2025,4,4,0,69072
JAMAICA,2025,Aug,8/1/2025,9,13,0,275216
JAPAN,2025,Aug,8/1/2025,4,11,0,56824.99
LATVIA,2025,Aug,8/1/2025,1,1,0,890
LEBANON,2025,Aug,8/1/2025,1,1,0,3140
MALAYSIA,2025,Aug,8/1/2025,20,73,0,1776861.56
MAURITANIA,2025,Aug,8/1/2025,4,18,0,517500
MEXICO,2025,Aug,8/1/2025,14,16,0,202030.51
MOROCCO,2025,Aug,8/1/2025,2,3,0,79855.5
NETHERLANDS,2025,Aug,8/1/2025,65,289,0,5991239.67
NICARAGUA,2025,Aug,8/1/2025,6,24,0,637526.4
NORWAY,2025,Aug,8/1/2025,1,1,0,26988
OMAN,2025,Aug,8/1/2025,3,4,0,95795.6
PAKISTAN,2025,Aug,8/1/2025,6,7,0,135811
PANAMA,2025,Aug,8/1/2025,76,103,1,9216002.19
PERU,2025,Aug,8/1/2025,66,238,0,5224565.96
POLAND,2025,Aug,8/1/2025,21,21,0,554455
PORTUGAL,2025,Aug,8/1/2025,2,3,0,77274.42
PUERTO RICO,2025,Aug,8/1/2025,2,3,0,40029.16
SAINT LUCIA,2025,Aug,8/1/2025,1,1,0,1550
SAUDI ARABIA,2025,Aug,8/1/2025,1,10,0,212000
SENEGAL,2025,Aug,8/1/2025,4,7,0,167030
SINGAPORE,2025,Aug,8/1/2025,1,2,0,51820.98
SOUTH AFRICA,2025,Aug,8/1/2025,1,1,0,24618
SOUTH KOREA,2025,Aug,8/1/2025,30,40,0,713743.13
SPAIN,2025,Aug,8/1/2025,32,76,0,1668416.08
SURINAME,2025,Aug,8/1/2025,2,15,0,390000
SWEDEN,2025,Aug,8/1/2025,5,5,0,120113
TAIWAN,2025,Aug,8/1/2025,6,45,0,805344.39
THAILAND,2025,Aug,8/1/2025,4,5,0,70403
TRINIDAD AND TOBAGO,2025,Aug,8/1/2025,5,5,0,84330
TURKEY,2025,Aug,8/1/2025,34,106,4,46555071.73
UKRAINE,2025,Aug,8/1/2025,4,4,0,111066
UNITED ARAB EMIRATES,2025,Aug,8/1/2025,10,12,0,163125.8
UNITED KINGDOM,2025,Aug,8/1/2025,3,8,0,81894.38
URUGUAY,2025,Aug,8/1/2025,2,2,0,33768.82
US VIRGIN ISLANDS,2025,Aug,8/1/2025,14,0,14,39543808
USA,2025,Aug,8/1/2025,1199,1309,233,100589273.8
VIETNAM,2025,Aug,8/1/2025,33,41,12,796830.07
ARGENTINA,2025,Sep,9/1/2025,4,14,0,365810.46
BELGIUM,2025,Sep,9/1/2025,20,51,0,1270859.65
BRAZIL,2025,Sep,9/1/2025,238,346,0,9414166.09
CANADA,2025,Sep,9/1/2025,62,88,0,1190935.47
CHILE,2025,Sep,9/1/2025,7,24,0,535193.88
CHINA,2025,Sep,9/1/2025,537,892,4,31097982.59
COLOMBIA,2025,Sep,9/1/2025,97,288,0,7005540.34
COSTA RICA,2025,Sep,9/1/2025,3,6,0,71043.72
DENMARK,2025,Sep,9/1/2025,3,3,0,67820
DOMINICAN REPUBLIC,2025,Sep,9/1/2025,185,242,23,19749890.89
EGYPT,2025,Sep,9/1/2025,8,24,0,592945.1
EL SALVADOR,2025,Sep,9/1/2025,1,0,1,6393000
FRANCE,2025,Sep,9/1/2025,62,73,0,1407885.64
GERMANY,2025,Sep,9/1/2025,10,10,0,221964.88
GUATEMALA,2025,Sep,9/1/2025,17,104,0,2615702
HAITI,2025,Sep,9/1/2025,1,1,0,16550
HONDURAS,2025,Sep,9/1/2025,8,90,0,2225530.06
INDIA,2025,Sep,9/1/2025,122,265,0,6206208.88
INDONESIA,2025,Sep,9/1/2025,20,59,11,10038220.85
IRELAND,2025,Sep,9/1/2025,5,5,0,117074
ITALY,2025,Sep,9/1/2025,8,8,0,193421.82
IVORY COAST,2025,Sep,9/1/2025,4,4,0,71415
JAMAICA,2025,Sep,9/1/2025,5,5,0,102202.81
JAPAN,2025,Sep,9/1/2025,1,2,0,12190
MALAYSIA,2025,Sep,9/1/2025,6,10,0,211088.02
MAURITANIA,2025,Sep,9/1/2025,3,13,0,371312
MEXICO,2025,Sep,9/1/2025,23,43,0,818743.16
MOROCCO,2025,Sep,9/1/2025,9,12,0,341416.6
NETHERLANDS,2025,Sep,9/1/2025,49,127,0,2991216.63
NORWAY,2025,Sep,9/1/2025,2,2,0,54241.8
OMAN,2025,Sep,9/1/2025,1,2,0,44295.7
PAKISTAN,2025,Sep,9/1/2025,3,3,0,47080
PANAMA,2025,Sep,9/1/2025,84,137,1,10255831.8
PERU,2025,Sep,9/1/2025,90,322,0,7354966.87
POLAND,2025,Sep,9/1/2025,10,12,0,331781.11
SAUDI ARABIA,2025,Sep,9/1/2025,1,1,0,18944
SENEGAL,2025,Sep,9/1/2025,4,10,0,281566.99
SOUTH AFRICA,2025,Sep,9/1/2025,1,1,0,24618
SOUTH KOREA,2025,Sep,9/1/2025,18,30,0,600122.68
SPAIN,2025,Sep,9/1/2025,21,30,0,538467.72
SURINAME,2025,Sep,9/1/2025,4,32,0,840500
SWEDEN,2025,Sep,9/1/2025,2,2,0,51120
TAIWAN,2025,Sep,9/1/2025,4,52,0,963162.2
THAILAND,2025,Sep,9/1/2025,10,36,0,322390.08
TRINIDAD AND TOBAGO,2025,Sep,9/1/2025,8,14,0,238827.49
TURKEY,2025,Sep,9/1/2025,26,40,5,59334991.78
UKRAINE,2025,Sep,9/1/2025,4,4,0,107582.98
UNITED ARAB EMIRATES,2025,Sep,9/1/2025,4,4,0,102330.5
URUGUAY,2025,Sep,9/1/2025,1,1,0,16158.44
US VIRGIN ISLANDS,2025,Sep,9/1/2025,10,0,10,27271817
USA,2025,Sep,9/1/2025,1312,1353,372,67086336.59
VIETNAM,2025,Sep,9/1/2025,14,16,0,290436
ARGENTINA,2025,Oct,10/1/2025,1,1,0,28200
AUSTRALIA,2025,Oct,10/1/2025,1,1,0,24630
BELGIUM,2025,Oct,10/1/2025,27,71,0,1874882.92
BRAZIL,2025,Oct,10/1/2025,268,389,1,10346622.48
CANADA,2025,Oct,10/1/2025,40,40,0,505529.5
CHILE,2025,Oct,10/1/2025,3,7,0,155184.94
CHINA,2025,Oct,10/1/2025,934,1672,0,33831894.23
COLOMBIA,2025,Oct,10/1/2025,108,403,0,10565187.63
COSTA RICA,2025,Oct,10/1/2025,5,9,0,122035.96
DENMARK,2025,Oct,10/1/2025,4,5,0,61375
DOMINICAN REPUBLIC,2025,Oct,10/1/2025,128,173,16,29745971.91
ECUADOR,2025,Oct,10/1/2025,2,2,0,29233
EGYPT,2025,Oct,10/1/2025,6,8,0,123133
EL SALVADOR,2025,Oct,10/1/2025,1,10,0,265863.9
ESTONIA,2025,Oct,10/1/2025,1,1,0,27040
FRANCE,2025,Oct,10/1/2025,47,54,0,1123982.26
GERMANY,2025,Oct,10/1/2025,5,5,0,90385.12
GUATEMALA,2025,Oct,10/1/2025,19,167,0,4181847.48
HONDURAS,2025,Oct,10/1/2025,7,141,0,3521914.53
INDIA,2025,Oct,10/1/2025,162,435,0,10328399.9
INDONESIA,2025,Oct,10/1/2025,40,144,13,12976807.53
IRELAND,2025,Oct,10/1/2025,2,2,0,45072
ITALY,2025,Oct,10/1/2025,4,7,0,133782
IVORY COAST,2025,Oct,10/1/2025,1,1,0,16250
JAMAICA,2025,Oct,10/1/2025,5,11,0,264830.07
JAPAN,2025,Oct,10/1/2025,2,2,0,14769
JORDAN,2025,Oct,10/1/2025,1,2,0,11800
MALAYSIA,2025,Oct,10/1/2025,12,47,0,1187129.98
MAURITANIA,2025,Oct,10/1/2025,3,13,0,371312
MEXICO,2025,Oct,10/1/2025,16,35,0,648490.86
MOROCCO,2025,Oct,10/1/2025,3,22,0,579764
NETHERLANDS,2025,Oct,10/1/2025,35,78,2,8031660.7
NORWAY,2025,Oct,10/1/2025,5,5,0,141464
PAKISTAN,2025,Oct,10/1/2025,9,211,0,5682620.65
PANAMA,2025,Oct,10/1/2025,54,83,0,1580758.2
PARAGUAY,2025,Oct,10/1/2025,1,1,0,7860.46
PERU,2025,Oct,10/1/2025,95,272,0,6455595.04
POLAND,2025,Oct,10/1/2025,16,20,0,528435
PORTUGAL,2025,Oct,10/1/2025,1,1,0,12890.4
PUERTO RICO,2025,Oct,10/1/2025,3,4,0,70629.36
ROMANIA,2025,Oct,10/1/2025,1,1,0,14322.09
SAUDI ARABIA,2025,Oct,10/1/2025,2,6,0,127100
SENEGAL,2025,Oct,10/1/2025,2,6,0,168782
SOUTH AFRICA,2025,Oct,10/1/2025,1,5,0,85060
SOUTH KOREA,2025,Oct,10/1/2025,22,36,0,689552.3
SPAIN,2025,Oct,10/1/2025,11,14,0,242389.54
SWEDEN,2025,Oct,10/1/2025,3,3,0,79717.97
TAIWAN,2025,Oct,10/1/2025,7,46,0,855872.68
THAILAND,2025,Oct,10/1/2025,3,12,0,198899
TRINIDAD AND TOBAGO,2025,Oct,10/1/2025,6,22,0,368492
TUNISIA,2025,Oct,10/1/2025,1,1,0,9162.3
TURKEY,2025,Oct,10/1/2025,16,25,4,31962104.43
UNITED ARAB EMIRATES,2025,Oct,10/1/2025,14,16,0,213687.5
UNITED KINGDOM,2025,Oct,10/1/2025,3,7,0,58507.97
US VIRGIN ISLANDS,2025,Oct,10/1/2025,21,0,21,60011828
USA,2025,Oct,10/1/2025,1230,1202,355,120619506.3
VIETNAM,2025,Oct,10/1/2025,21,62,2,49432499.96
SURINAME,2025,Oct,10/1/2025,6,32,0,848000
ARGENTINA,2025,Nov,11/1/2025,1,1,0,18960
AUSTRALIA,2025,Nov,11/1/2025,1,1,0,3600
BANGLADESH,2025,Nov,11/1/2025,1,6,0,127710
BELGIUM,2025,Nov,11/1/2025,32,87,0,2089694.86
BRAZIL,2025,Nov,11/1/2025,229,405,0,10681177.87
CANADA,2025,Nov,11/1/2025,81,82,0,1130921.64
CHILE,2025,Nov,11/1/2025,3,17,0,349058.04
CHINA,2025,Nov,11/1/2025,621,1083,5,21873164.65
COLOMBIA,2025,Nov,11/1/2025,64,203,0,4622515.97
COSTA RICA,2025,Nov,11/1/2025,6,12,0,125572.9
CYPRUS,2025,Nov,11/1/2025,1,1,0,21565
DENMARK,2025,Nov,11/1/2025,3,3,0,84275
DOMINICAN REPUBLIC,2025,Nov,11/1/2025,158,244,12,18485332.02
ECUADOR,2025,Nov,11/1/2025,4,5,0,48534
EGYPT,2025,Nov,11/1/2025,21,38,0,952530.63
EL SALVADOR,2025,Nov,11/1/2025,5,37,0,983696.43
FRANCE,2025,Nov,11/1/2025,52,75,0,1338495.13
GERMANY,2025,Nov,11/1/2025,11,16,0,194345.31
GUATEMALA,2025,Nov,11/1/2025,23,126,6,6620377.35
HONDURAS,2025,Nov,11/1/2025,3,51,0,1269658.48
INDIA,2025,Nov,11/1/2025,142,385,0,9214386.8
INDONESIA,2025,Nov,11/1/2025,26,61,10,9291110.83
ITALY,2025,Nov,11/1/2025,8,11,0,224926.12
IVORY COAST,2025,Nov,11/1/2025,3,3,0,52720
JAMAICA,2025,Nov,11/1/2025,6,6,0,93482.26
JAPAN,2025,Nov,11/1/2025,2,2,0,9460
LEBANON,2025,Nov,11/1/2025,1,1,0,10145
MALAYSIA,2025,Nov,11/1/2025,7,13,0,264520.09
MEXICO,2025,Nov,11/1/2025,21,30,0,460594.42
MOROCCO,2025,Nov,11/1/2025,7,17,0,452498.4
NETHERLANDS,2025,Nov,11/1/2025,40,89,2,8243972.28
NETHERLANDS ANTILLES,2025,Nov,11/1/2025,3,3,0,57420
NORWAY,2025,Nov,11/1/2025,4,4,0,103672.7
PAKISTAN,2025,Nov,11/1/2025,36,238,19,21571937.31
PANAMA,2025,Nov,11/1/2025,79,113,7,2333838.7
PERU,2025,Nov,11/1/2025,75,262,0,6097230.07
PHILIPPINES,2025,Nov,11/1/2025,1,3,0,63409.5
POLAND,2025,Nov,11/1/2025,11,15,0,401099.55
PORTUGAL,2025,Nov,11/1/2025,1,1,0,7679
PUERTO RICO,2025,Nov,11/1/2025,1,2,0,23664.1
SENEGAL,2025,Nov,11/1/2025,3,6,0,166914.99
SOUTH AFRICA,2025,Nov,11/1/2025,3,3,0,77620
SOUTH KOREA,2025,Nov,11/1/2025,13,18,0,322176.66
SPAIN,2025,Nov,11/1/2025,23,71,0,1540279.56
SWEDEN,2025,Nov,11/1/2025,3,3,0,52082.94
TAIWAN,2025,Nov,11/1/2025,1,40,0,722880
TRINIDAD AND TOBAGO,2025,Nov,11/1/2025,6,27,0,442376
TURKEY,2025,Nov,11/1/2025,23,54,0,991979.04
UNITED ARAB EMIRATES,2025,Nov,11/1/2025,7,11,0,229783.2
UNITED KINGDOM,2025,Nov,11/1/2025,5,5,0,84745.61
US VIRGIN ISLANDS,2025,Nov,11/1/2025,15,0,15,47025271
USA,2025,Nov,11/1/2025,2293,1433,1123,112393034.5
VENEZUELA,2025,Nov,11/1/2025,1,1,0,1728
VIETNAM,2025,Nov,11/1/2025,24,52,11,51218941.85
SURINAME,2025,Nov,11/1/2025,6,45,0,1170000
